symbol,ai_threshold,confidence_threshold,position_size,sl_multiplier,tp_multiplier,total_trades,win_rate,roi,sharpe_ratio,profit_factor,max_drawdown,final_balance
ETH/USDT,3,7,0.15,2.0,3.0,61,42.62295081967213,1.752727875140124,0.9724548514425275,1.1558117380366708,-57.2865520872232,1017.5272787514012
ETH/USDT,2,7,0.15,2.0,3.0,61,42.62295081967213,1.752727875140124,0.9724548514425275,1.1558117380366708,-57.2865520872232,1017.5272787514012
ETH/USDT,3,7,0.15,2.0,4.0,60,43.333333333333336,1.5226864259778041,0.8453744023255118,1.138755926618971,-52.77346220461892,1015.226864259778
ETH/USDT,2,7,0.15,2.0,4.0,60,43.333333333333336,1.5226864259778041,0.8453744023255118,1.138755926618971,-52.77346220461892,1015.226864259778
ETH/USDT,3,7,0.1,2.0,3.0,61,42.62295081967213,1.2114953249850828,1.0116061776269634,1.1628722095318706,-37.8443364191332,1012.1149532498508
ETH/USDT,2,7,0.1,2.0,3.0,61,42.62295081967213,1.2114953249850828,1.0116061776269634,1.1628722095318706,-37.8443364191332,1012.1149532498508
ETH/USDT,2,7,0.1,2.0,4.0,60,43.333333333333336,1.0533752893820179,0.8791398890109376,1.1449041365129355,-34.92593975870503,1010.5337528938202
ETH/USDT,3,7,0.1,2.0,4.0,60,43.333333333333336,1.0533752893820179,0.8791398890109376,1.1449041365129355,-34.92593975870503,1010.5337528938202
ETH/USDT,3,7,0.15,2.0,5.0,58,44.827586206896555,0.7694588977275657,0.4250035868536151,1.0761630796433008,-51.95942653409824,1007.6945889772757
ETH/USDT,2,7,0.15,2.0,5.0,58,44.827586206896555,0.7694588977275657,0.4250035868536151,1.0761630796433008,-51.95942653409824,1007.6945889772757
ETH/USDT,3,7,0.15,2.5,3.0,61,42.62295081967213,0.755874760280119,0.4055383579951251,1.0620432118608092,-66.99748986100258,1007.5587476028012
ETH/USDT,2,7,0.15,2.5,3.0,61,42.62295081967213,0.755874760280119,0.4055383579951251,1.0620432118608092,-66.99748986100258,1007.5587476028012
ETH/USDT,2,7,0.15,3.0,3.0,61,42.62295081967213,0.7503790055534637,0.4017669582810756,1.061587900114773,-67.96195268579031,1007.5037900555346
ETH/USDT,3,7,0.15,3.0,3.0,61,42.62295081967213,0.7503790055534637,0.4017669582810756,1.061587900114773,-67.96195268579031,1007.5037900555346
ETH/USDT,3,7,0.05,2.0,3.0,61,42.62295081967213,0.6271889764252933,1.051019427702484,1.1700526967616045,-18.748045372275474,1006.2718897642529
ETH/USDT,2,7,0.05,2.0,3.0,61,42.62295081967213,0.6271889764252933,1.051019427702484,1.1700526967616045,-18.748045372275474,1006.2718897642529
ETH/USDT,2,7,0.1,2.0,5.0,58,44.827586206896555,0.5651039795161523,0.46645806208444685,1.0841742049174492,-34.57443554041602,1005.6510397951615
ETH/USDT,3,7,0.1,2.0,5.0,58,44.827586206896555,0.5651039795161523,0.46645806208444685,1.0841742049174492,-34.57443554041602,1005.6510397951615
ETH/USDT,3,7,0.1,2.5,3.0,61,42.62295081967213,0.5547546281421887,0.447302098925303,1.0687658976641052,-44.29655381072846,1005.5475462814219
ETH/USDT,2,7,0.1,2.5,3.0,61,42.62295081967213,0.5547546281421887,0.447302098925303,1.0687658976641052,-44.29655381072846,1005.5475462814219
ETH/USDT,2,7,0.1,3.0,3.0,61,42.62295081967213,0.5519290189779553,0.4440639351156804,1.06840908849412,-44.93547565210737,1005.5192901897796
ETH/USDT,3,7,0.1,3.0,3.0,61,42.62295081967213,0.5519290189779553,0.4440639351156804,1.06840908849412,-44.93547565210737,1005.5192901897796
ETH/USDT,3,7,0.05,2.0,4.0,60,43.333333333333336,0.5457959723255612,0.9130973813142399,1.151142908700273,-17.334261138323257,1005.4579597232556
ETH/USDT,2,7,0.05,2.0,4.0,60,43.333333333333336,0.5457959723255612,0.9130973813142399,1.151142908700273,-17.334261138323257,1005.4579597232556
ETH/USDT,3,7,0.15,2.5,4.0,60,43.333333333333336,0.5280913451933771,0.2838563421712564,1.0443635350555005,-62.459200278955535,1005.2809134519338
ETH/USDT,2,7,0.15,2.5,4.0,60,43.333333333333336,0.5280913451933771,0.2838563421712564,1.0443635350555005,-62.459200278955535,1005.2809134519338
ETH/USDT,3,7,0.15,3.0,4.0,60,43.333333333333336,0.5228012892492643,0.28044924437953034,1.0439162222382916,-63.42112432843394,1005.2280128924926
ETH/USDT,2,7,0.15,3.0,4.0,60,43.333333333333336,0.5228012892492643,0.28044924437953034,1.0439162222382916,-63.42112432843394,1005.2280128924926
ETH/USDT,2,7,0.1,2.5,4.0,60,43.333333333333336,0.3976618898569541,0.3208483651569342,1.0503589389788042,-41.36666562698296,1003.9766188985695
ETH/USDT,3,7,0.1,2.5,4.0,60,43.333333333333336,0.3976618898569541,0.3208483651569342,1.0503589389788042,-41.36666562698296,1003.9766188985695
ETH/USDT,2,7,0.1,3.0,4.0,60,43.333333333333336,0.39492602223084533,0.3179667993182337,1.0500077063000024,-42.00443891538252,1003.9492602223085
ETH/USDT,3,7,0.1,3.0,4.0,60,43.333333333333336,0.39492602223084533,0.3179667993182337,1.0500077063000024,-42.00443891538252,1003.9492602223085
SOL/USDT,3,8,0.15,2.5,3.0,2,50.0,0.31122626908536405,5.5790170165961825,2.9762881123121043,0.0,1003.1122626908536
SOL/USDT,2,8,0.15,2.0,3.0,2,50.0,0.31122626908536405,5.5790170165961825,2.9762881123121043,0.0,1003.1122626908536
SOL/USDT,4,7,0.15,3.0,3.0,2,50.0,0.31122626908536405,5.5790170165961825,2.9762881123121043,0.0,1003.1122626908536
SOL/USDT,2,8,0.15,3.0,3.0,2,50.0,0.31122626908536405,5.5790170165961825,2.9762881123121043,0.0,1003.1122626908536
SOL/USDT,4,8,0.15,2.0,3.0,2,50.0,0.31122626908536405,5.5790170165961825,2.9762881123121043,0.0,1003.1122626908536
SOL/USDT,2,8,0.15,2.5,3.0,2,50.0,0.31122626908536405,5.5790170165961825,2.9762881123121043,0.0,1003.1122626908536
SOL/USDT,3,8,0.15,3.0,3.0,2,50.0,0.31122626908536405,5.5790170165961825,2.9762881123121043,0.0,1003.1122626908536
SOL/USDT,4,7,0.15,2.0,3.0,2,50.0,0.31122626908536405,5.5790170165961825,2.9762881123121043,0.0,1003.1122626908536
SOL/USDT,3,8,0.15,2.0,3.0,2,50.0,0.31122626908536405,5.5790170165961825,2.9762881123121043,0.0,1003.1122626908536
SOL/USDT,4,8,0.15,2.5,3.0,2,50.0,0.31122626908536405,5.5790170165961825,2.9762881123121043,0.0,1003.1122626908536
SOL/USDT,4,7,0.15,2.5,3.0,2,50.0,0.31122626908536405,5.5790170165961825,2.9762881123121043,0.0,1003.1122626908536
SOL/USDT,4,8,0.15,3.0,3.0,2,50.0,0.31122626908536405,5.5790170165961825,2.9762881123121043,0.0,1003.1122626908536
ETH/USDT,2,7,0.05,2.0,5.0,58,44.827586206896555,0.30895520079915284,0.5081811856462198,1.0923514454608303,-17.25382914977952,1003.0895520079915
ETH/USDT,3,7,0.05,2.0,5.0,58,44.827586206896555,0.30895520079915284,0.5081811856462198,1.0923514454608303,-17.25382914977952,1003.0895520079915
ETH/USDT,3,7,0.05,2.5,3.0,61,42.62295081967213,0.3028183773200567,0.4893156696915134,1.0755973795516922,-21.962784495395102,1003.0281837732006
ETH/USDT,2,7,0.05,2.5,3.0,61,42.62295081967213,0.3028183773200567,0.4893156696915134,1.0755973795516922,-21.962784495395102,1003.0281837732006
ETH/USDT,3,7,0.05,3.0,3.0,61,42.62295081967213,0.3018197808662649,0.4865956980449438,1.0753388600885632,-22.28012719105896,1003.0181978086626
ETH/USDT,2,7,0.05,3.0,3.0,61,42.62295081967213,0.3018197808662649,0.4865956980449438,1.0753388600885632,-22.28012719105896,1003.0181978086626
ETH/USDT,3,7,0.05,2.5,4.0,60,43.333333333333336,0.22168790329585591,0.3580150440593776,1.05643625204847,-20.54605486729029,1002.2168790329586
ETH/USDT,2,7,0.05,2.5,4.0,60,43.333333333333336,0.22168790329585591,0.3580150440593776,1.05643625204847,-20.54605486729029,1002.2168790329586
ETH/USDT,3,7,0.05,3.0,4.0,60,43.333333333333336,0.2207112975346149,0.35564500819098627,1.0561806891278196,-20.86310548751588,1002.2071129753461
ETH/USDT,2,7,0.05,3.0,4.0,60,43.333333333333336,0.2207112975346149,0.35564500819098627,1.0561806891278196,-20.86310548751588,1002.2071129753461
SOL/USDT,4,8,0.1,2.0,3.0,2,50.0,0.20764846476370163,5.581238038651333,2.977852931526597,0.0,1002.076484647637
SOL/USDT,4,8,0.1,2.5,3.0,2,50.0,0.20764846476370163,5.581238038651333,2.977852931526597,0.0,1002.076484647637
SOL/USDT,4,8,0.1,3.0,3.0,2,50.0,0.20764846476370163,5.581238038651333,2.977852931526597,0.0,1002.076484647637
SOL/USDT,2,8,0.1,2.5,3.0,2,50.0,0.20764846476370163,5.581238038651333,2.977852931526597,0.0,1002.076484647637
SOL/USDT,2,8,0.1,3.0,3.0,2,50.0,0.20764846476370163,5.581238038651333,2.977852931526597,0.0,1002.076484647637
SOL/USDT,4,7,0.1,3.0,3.0,2,50.0,0.20764846476370163,5.581238038651333,2.977852931526597,0.0,1002.076484647637
SOL/USDT,4,7,0.1,2.0,3.0,2,50.0,0.20764846476370163,5.581238038651333,2.977852931526597,0.0,1002.076484647637
SOL/USDT,2,8,0.1,2.0,3.0,2,50.0,0.20764846476370163,5.581238038651333,2.977852931526597,0.0,1002.076484647637
SOL/USDT,4,7,0.1,2.5,3.0,2,50.0,0.20764846476370163,5.581238038651333,2.977852931526597,0.0,1002.076484647637
SOL/USDT,3,8,0.1,2.0,3.0,2,50.0,0.20764846476370163,5.581238038651333,2.977852931526597,0.0,1002.076484647637
SOL/USDT,3,8,0.1,2.5,3.0,2,50.0,0.20764846476370163,5.581238038651333,2.977852931526597,0.0,1002.076484647637
SOL/USDT,3,8,0.1,3.0,3.0,2,50.0,0.20764846476370163,5.581238038651333,2.977852931526597,0.0,1002.076484647637
SOL/USDT,4,8,0.05,2.0,3.0,2,50.0,0.10390637506859549,5.583457313969546,2.9794177507410895,0.0,1001.039063750686
SOL/USDT,4,8,0.05,2.5,3.0,2,50.0,0.10390637506859549,5.583457313969546,2.9794177507410895,0.0,1001.039063750686
SOL/USDT,2,8,0.05,2.5,3.0,2,50.0,0.10390637506859549,5.583457313969546,2.9794177507410895,0.0,1001.039063750686
SOL/USDT,4,8,0.05,3.0,3.0,2,50.0,0.10390637506859549,5.583457313969546,2.9794177507410895,0.0,1001.039063750686
SOL/USDT,2,8,0.05,2.0,3.0,2,50.0,0.10390637506859549,5.583457313969546,2.9794177507410895,0.0,1001.039063750686
SOL/USDT,2,8,0.05,3.0,3.0,2,50.0,0.10390637506859549,5.583457313969546,2.9794177507410895,0.0,1001.039063750686
SOL/USDT,3,8,0.05,2.5,3.0,2,50.0,0.10390637506859549,5.583457313969546,2.9794177507410895,0.0,1001.039063750686
SOL/USDT,4,7,0.05,2.0,3.0,2,50.0,0.10390637506859549,5.583457313969546,2.9794177507410895,0.0,1001.039063750686
SOL/USDT,4,7,0.05,2.5,3.0,2,50.0,0.10390637506859549,5.583457313969546,2.9794177507410895,0.0,1001.039063750686
SOL/USDT,3,8,0.05,2.0,3.0,2,50.0,0.10390637506859549,5.583457313969546,2.9794177507410895,0.0,1001.039063750686
SOL/USDT,3,8,0.05,3.0,3.0,2,50.0,0.10390637506859549,5.583457313969546,2.9794177507410895,0.0,1001.039063750686
SOL/USDT,4,7,0.05,3.0,3.0,2,50.0,0.10390637506859549,5.583457313969546,2.9794177507410895,0.0,1001.039063750686
SOL/USDT,4,7,0.15,3.0,5.0,2,50.0,0.05326207807976288,1.623652392917558,1.3382144189030618,0.0,1000.5326207807976
SOL/USDT,2,8,0.15,2.0,4.0,2,50.0,0.05326207807976288,1.623652392917558,1.3382144189030618,0.0,1000.5326207807976
SOL/USDT,4,7,0.15,2.0,4.0,2,50.0,0.05326207807976288,1.623652392917558,1.3382144189030618,0.0,1000.5326207807976
SOL/USDT,4,7,0.15,2.0,5.0,2,50.0,0.05326207807976288,1.623652392917558,1.3382144189030618,0.0,1000.5326207807976
SOL/USDT,3,8,0.15,2.5,4.0,2,50.0,0.05326207807976288,1.623652392917558,1.3382144189030618,0.0,1000.5326207807976
SOL/USDT,3,8,0.15,3.0,4.0,2,50.0,0.05326207807976288,1.623652392917558,1.3382144189030618,0.0,1000.5326207807976
SOL/USDT,2,8,0.15,2.0,5.0,2,50.0,0.05326207807976288,1.623652392917558,1.3382144189030618,0.0,1000.5326207807976
SOL/USDT,3,8,0.15,3.0,5.0,2,50.0,0.05326207807976288,1.623652392917558,1.3382144189030618,0.0,1000.5326207807976
SOL/USDT,3,8,0.15,2.0,5.0,2,50.0,0.05326207807976288,1.623652392917558,1.3382144189030618,0.0,1000.5326207807976
SOL/USDT,2,8,0.15,2.5,5.0,2,50.0,0.05326207807976288,1.623652392917558,1.3382144189030618,0.0,1000.5326207807976
SOL/USDT,3,8,0.15,2.5,5.0,2,50.0,0.05326207807976288,1.623652392917558,1.3382144189030618,0.0,1000.5326207807976
SOL/USDT,2,8,0.15,3.0,4.0,2,50.0,0.05326207807976288,1.623652392917558,1.3382144189030618,0.0,1000.5326207807976
SOL/USDT,2,8,0.15,3.0,5.0,2,50.0,0.05326207807976288,1.623652392917558,1.3382144189030618,0.0,1000.5326207807976
SOL/USDT,4,8,0.15,2.0,4.0,2,50.0,0.05326207807976288,1.623652392917558,1.3382144189030618,0.0,1000.5326207807976
SOL/USDT,4,8,0.15,2.0,5.0,2,50.0,0.05326207807976288,1.623652392917558,1.3382144189030618,0.0,1000.5326207807976
SOL/USDT,4,8,0.15,2.5,4.0,2,50.0,0.05326207807976288,1.623652392917558,1.3382144189030618,0.0,1000.5326207807976
SOL/USDT,4,8,0.15,2.5,5.0,2,50.0,0.05326207807976288,1.623652392917558,1.3382144189030618,0.0,1000.5326207807976
SOL/USDT,4,8,0.15,3.0,4.0,2,50.0,0.05326207807976288,1.623652392917558,1.3382144189030618,0.0,1000.5326207807976
SOL/USDT,4,8,0.15,3.0,5.0,2,50.0,0.05326207807976288,1.623652392917558,1.3382144189030618,0.0,1000.5326207807976
SOL/USDT,2,8,0.15,2.5,4.0,2,50.0,0.05326207807976288,1.623652392917558,1.3382144189030618,0.0,1000.5326207807976
SOL/USDT,4,7,0.15,2.5,4.0,2,50.0,0.05326207807976288,1.623652392917558,1.3382144189030618,0.0,1000.5326207807976
SOL/USDT,4,7,0.15,2.5,5.0,2,50.0,0.05326207807976288,1.623652392917558,1.3382144189030618,0.0,1000.5326207807976
SOL/USDT,4,7,0.15,3.0,4.0,2,50.0,0.05326207807976288,1.623652392917558,1.3382144189030618,0.0,1000.5326207807976
SOL/USDT,3,8,0.15,2.0,4.0,2,50.0,0.05326207807976288,1.623652392917558,1.3382144189030618,0.0,1000.5326207807976
SOL/USDT,2,8,0.1,2.5,4.0,2,50.0,0.03558191891258957,1.6265406167212295,1.3389180012031583,0.0,1000.3558191891259
SOL/USDT,4,7,0.1,3.0,4.0,2,50.0,0.03558191891258957,1.6265406167212295,1.3389180012031583,0.0,1000.3558191891259
SOL/USDT,4,8,0.1,2.0,4.0,2,50.0,0.03558191891258957,1.6265406167212295,1.3389180012031583,0.0,1000.3558191891259
SOL/USDT,2,8,0.1,2.0,4.0,2,50.0,0.03558191891258957,1.6265406167212295,1.3389180012031583,0.0,1000.3558191891259
SOL/USDT,2,8,0.1,2.0,5.0,2,50.0,0.03558191891258957,1.6265406167212295,1.3389180012031583,0.0,1000.3558191891259
SOL/USDT,4,7,0.1,2.5,5.0,2,50.0,0.03558191891258957,1.6265406167212295,1.3389180012031583,0.0,1000.3558191891259
SOL/USDT,4,8,0.1,3.0,5.0,2,50.0,0.03558191891258957,1.6265406167212295,1.3389180012031583,0.0,1000.3558191891259
SOL/USDT,2,8,0.1,2.5,5.0,2,50.0,0.03558191891258957,1.6265406167212295,1.3389180012031583,0.0,1000.3558191891259
SOL/USDT,2,8,0.1,3.0,4.0,2,50.0,0.03558191891258957,1.6265406167212295,1.3389180012031583,0.0,1000.3558191891259
SOL/USDT,2,8,0.1,3.0,5.0,2,50.0,0.03558191891258957,1.6265406167212295,1.3389180012031583,0.0,1000.3558191891259
SOL/USDT,4,7,0.1,2.0,4.0,2,50.0,0.03558191891258957,1.6265406167212295,1.3389180012031583,0.0,1000.3558191891259
SOL/USDT,4,7,0.1,3.0,5.0,2,50.0,0.03558191891258957,1.6265406167212295,1.3389180012031583,0.0,1000.3558191891259
SOL/USDT,4,8,0.1,2.5,4.0,2,50.0,0.03558191891258957,1.6265406167212295,1.3389180012031583,0.0,1000.3558191891259
SOL/USDT,3,8,0.1,2.5,4.0,2,50.0,0.03558191891258957,1.6265406167212295,1.3389180012031583,0.0,1000.3558191891259
SOL/USDT,3,8,0.1,2.0,4.0,2,50.0,0.03558191891258957,1.6265406167212295,1.3389180012031583,0.0,1000.3558191891259
SOL/USDT,4,8,0.1,3.0,4.0,2,50.0,0.03558191891258957,1.6265406167212295,1.3389180012031583,0.0,1000.3558191891259
SOL/USDT,4,7,0.1,2.0,5.0,2,50.0,0.03558191891258957,1.6265406167212295,1.3389180012031583,0.0,1000.3558191891259
SOL/USDT,4,7,0.1,2.5,4.0,2,50.0,0.03558191891258957,1.6265406167212295,1.3389180012031583,0.0,1000.3558191891259
SOL/USDT,3,8,0.1,2.0,5.0,2,50.0,0.03558191891258957,1.6265406167212295,1.3389180012031583,0.0,1000.3558191891259
SOL/USDT,4,8,0.1,2.0,5.0,2,50.0,0.03558191891258957,1.6265406167212295,1.3389180012031583,0.0,1000.3558191891259
SOL/USDT,3,8,0.1,2.5,5.0,2,50.0,0.03558191891258957,1.6265406167212295,1.3389180012031583,0.0,1000.3558191891259
SOL/USDT,3,8,0.1,3.0,4.0,2,50.0,0.03558191891258957,1.6265406167212295,1.3389180012031583,0.0,1000.3558191891259
SOL/USDT,3,8,0.1,3.0,5.0,2,50.0,0.03558191891258957,1.6265406167212295,1.3389180012031583,0.0,1000.3558191891259
SOL/USDT,4,8,0.1,2.5,5.0,2,50.0,0.03558191891258957,1.6265406167212295,1.3389180012031583,0.0,1000.3558191891259
SOL/USDT,2,8,0.05,3.0,5.0,2,50.0,0.017827892886009524,1.629427103403685,1.339621583503255,0.0,1000.1782789288601
SOL/USDT,4,8,0.05,2.0,4.0,2,50.0,0.017827892886009524,1.629427103403685,1.339621583503255,0.0,1000.1782789288601
SOL/USDT,4,8,0.05,2.0,5.0,2,50.0,0.017827892886009524,1.629427103403685,1.339621583503255,0.0,1000.1782789288601
SOL/USDT,4,8,0.05,3.0,4.0,2,50.0,0.017827892886009524,1.629427103403685,1.339621583503255,0.0,1000.1782789288601
SOL/USDT,2,8,0.05,3.0,4.0,2,50.0,0.017827892886009524,1.629427103403685,1.339621583503255,0.0,1000.1782789288601
SOL/USDT,2,8,0.05,2.0,4.0,2,50.0,0.017827892886009524,1.629427103403685,1.339621583503255,0.0,1000.1782789288601
SOL/USDT,2,8,0.05,2.0,5.0,2,50.0,0.017827892886009524,1.629427103403685,1.339621583503255,0.0,1000.1782789288601
SOL/USDT,3,8,0.05,2.0,4.0,2,50.0,0.017827892886009524,1.629427103403685,1.339621583503255,0.0,1000.1782789288601
SOL/USDT,3,8,0.05,2.0,5.0,2,50.0,0.017827892886009524,1.629427103403685,1.339621583503255,0.0,1000.1782789288601
SOL/USDT,4,8,0.05,3.0,5.0,2,50.0,0.017827892886009524,1.629427103403685,1.339621583503255,0.0,1000.1782789288601
SOL/USDT,4,7,0.05,2.0,4.0,2,50.0,0.017827892886009524,1.629427103403685,1.339621583503255,0.0,1000.1782789288601
SOL/USDT,4,7,0.05,2.0,5.0,2,50.0,0.017827892886009524,1.629427103403685,1.339621583503255,0.0,1000.1782789288601
SOL/USDT,3,8,0.05,3.0,5.0,2,50.0,0.017827892886009524,1.629427103403685,1.339621583503255,0.0,1000.1782789288601
SOL/USDT,4,8,0.05,2.5,5.0,2,50.0,0.017827892886009524,1.629427103403685,1.339621583503255,0.0,1000.1782789288601
SOL/USDT,4,7,0.05,2.5,4.0,2,50.0,0.017827892886009524,1.629427103403685,1.339621583503255,0.0,1000.1782789288601
SOL/USDT,4,7,0.05,3.0,4.0,2,50.0,0.017827892886009524,1.629427103403685,1.339621583503255,0.0,1000.1782789288601
SOL/USDT,4,8,0.05,2.5,4.0,2,50.0,0.017827892886009524,1.629427103403685,1.339621583503255,0.0,1000.1782789288601
SOL/USDT,3,8,0.05,2.5,4.0,2,50.0,0.017827892886009524,1.629427103403685,1.339621583503255,0.0,1000.1782789288601
SOL/USDT,3,8,0.05,2.5,5.0,2,50.0,0.017827892886009524,1.629427103403685,1.339621583503255,0.0,1000.1782789288601
SOL/USDT,2,8,0.05,2.5,4.0,2,50.0,0.017827892886009524,1.629427103403685,1.339621583503255,0.0,1000.1782789288601
SOL/USDT,4,7,0.05,3.0,5.0,2,50.0,0.017827892886009524,1.629427103403685,1.339621583503255,0.0,1000.1782789288601
SOL/USDT,4,7,0.05,2.5,5.0,2,50.0,0.017827892886009524,1.629427103403685,1.339621583503255,0.0,1000.1782789288601
SOL/USDT,2,8,0.05,2.5,5.0,2,50.0,0.017827892886009524,1.629427103403685,1.339621583503255,0.0,1000.1782789288601
SOL/USDT,3,8,0.05,3.0,4.0,2,50.0,0.017827892886009524,1.629427103403685,1.339621583503255,0.0,1000.1782789288601
LINK/USDT,3,9,0.15,2.5,4.0,0,0.0,0.0,0.0,0.0,0.0,1000.0
LINK/USDT,3,9,0.15,2.5,5.0,0,0.0,0.0,0.0,0.0,0.0,1000.0
LINK/USDT,3,9,0.15,3.0,3.0,0,0.0,0.0,0.0,0.0,0.0,1000.0
LINK/USDT,3,8,0.15,2.5,3.0,0,0.0,0.0,0.0,0.0,0.0,1000.0
LINK/USDT,3,8,0.15,2.5,4.0,0,0.0,0.0,0.0,0.0,0.0,1000.0
LINK/USDT,3,8,0.15,2.5,5.0,0,0.0,0.0,0.0,0.0,0.0,1000.0
LINK/USDT,3,8,0.15,3.0,3.0,0,0.0,0.0,0.0,0.0,0.0,1000.0
LINK/USDT,3,8,0.15,3.0,4.0,0,0.0,0.0,0.0,0.0,0.0,1000.0
LINK/USDT,3,8,0.15,3.0,5.0,0,0.0,0.0,0.0,0.0,0.0,1000.0
LINK/USDT,3,9,0.05,2.0,3.0,0,0.0,0.0,0.0,0.0,0.0,1000.0
LINK/USDT,3,9,0.05,2.0,4.0,0,0.0,0.0,0.0,0.0,0.0,1000.0
LINK/USDT,3,9,0.05,2.0,5.0,0,0.0,0.0,0.0,0.0,0.0,1000.0
LINK/USDT,3,9,0.05,2.5,3.0,0,0.0,0.0,0.0,0.0,0.0,1000.0
LINK/USDT,3,9,0.05,2.5,4.0,0,0.0,0.0,0.0,0.0,0.0,1000.0
BTC/USDT,3,9,0.05,2.0,3.0,0,0.0,0.0,0.0,0.0,0.0,1000.0
LINK/USDT,3,9,0.05,2.5,5.0,0,0.0,0.0,0.0,0.0,0.0,1000.0
LINK/USDT,3,9,0.05,3.0,3.0,0,0.0,0.0,0.0,0.0,0.0,1000.0
LINK/USDT,3,9,0.05,3.0,4.0,0,0.0,0.0,0.0,0.0,0.0,1000.0
LINK/USDT,3,9,0.05,3.0,5.0,0,0.0,0.0,0.0,0.0,0.0,1000.0
BTC/USDT,3,9,0.05,3.0,3.0,0,0.0,0.0,0.0,0.0,0.0,1000.0
BTC/USDT,3,9,0.05,3.0,4.0,0,0.0,0.0,0.0,0.0,0.0,1000.0
BTC/USDT,3,9,0.05,3.0,5.0,0,0.0,0.0,0.0,0.0,0.0,1000.0
BTC/USDT,3,9,0.1,2.0,3.0,0,0.0,0.0,0.0,0.0,0.0,1000.0
BTC/USDT,3,9,0.1,2.0,4.0,0,0.0,0.0,0.0,0.0,0.0,1000.0
BTC/USDT,3,9,0.1,2.0,5.0,0,0.0,0.0,0.0,0.0,0.0,1000.0
BTC/USDT,3,9,0.1,2.5,3.0,0,0.0,0.0,0.0,0.0,0.0,1000.0
BTC/USDT,3,9,0.1,2.5,4.0,0,0.0,0.0,0.0,0.0,0.0,1000.0
BTC/USDT,3,9,0.1,2.5,5.0,0,0.0,0.0,0.0,0.0,0.0,1000.0
BTC/USDT,3,9,0.1,3.0,3.0,0,0.0,0.0,0.0,0.0,0.0,1000.0
BTC/USDT,3,9,0.1,3.0,4.0,0,0.0,0.0,0.0,0.0,0.0,1000.0
LINK/USDT,3,8,0.1,3.0,4.0,0,0.0,0.0,0.0,0.0,0.0,1000.0
LINK/USDT,3,8,0.1,3.0,5.0,0,0.0,0.0,0.0,0.0,0.0,1000.0
LINK/USDT,3,8,0.15,2.0,3.0,0,0.0,0.0,0.0,0.0,0.0,1000.0
LINK/USDT,3,8,0.15,2.0,4.0,0,0.0,0.0,0.0,0.0,0.0,1000.0
LINK/USDT,3,8,0.15,2.0,5.0,0,0.0,0.0,0.0,0.0,0.0,1000.0
LINK/USDT,3,8,0.1,3.0,3.0,0,0.0,0.0,0.0,0.0,0.0,1000.0
BTC/USDT,3,9,0.1,3.0,5.0,0,0.0,0.0,0.0,0.0,0.0,1000.0
BTC/USDT,3,9,0.15,2.0,3.0,0,0.0,0.0,0.0,0.0,0.0,1000.0
BTC/USDT,3,9,0.15,2.0,4.0,0,0.0,0.0,0.0,0.0,0.0,1000.0
BTC/USDT,3,9,0.15,2.0,5.0,0,0.0,0.0,0.0,0.0,0.0,1000.0
BTC/USDT,3,9,0.15,2.5,3.0,0,0.0,0.0,0.0,0.0,0.0,1000.0
BTC/USDT,3,9,0.15,2.5,4.0,0,0.0,0.0,0.0,0.0,0.0,1000.0
BTC/USDT,3,9,0.15,2.5,5.0,0,0.0,0.0,0.0,0.0,0.0,1000.0
BTC/USDT,3,9,0.15,3.0,3.0,0,0.0,0.0,0.0,0.0,0.0,1000.0
BTC/USDT,3,9,0.15,3.0,4.0,0,0.0,0.0,0.0,0.0,0.0,1000.0
BTC/USDT,3,9,0.15,3.0,5.0,0,0.0,0.0,0.0,0.0,0.0,1000.0
BTC/USDT,3,9,0.05,2.0,4.0,0,0.0,0.0,0.0,0.0,0.0,1000.0
BTC/USDT,3,9,0.05,2.0,5.0,0,0.0,0.0,0.0,0.0,0.0,1000.0
BTC/USDT,3,9,0.05,2.5,3.0,0,0.0,0.0,0.0,0.0,0.0,1000.0
BTC/USDT,3,9,0.05,2.5,4.0,0,0.0,0.0,0.0,0.0,0.0,1000.0
BTC/USDT,3,9,0.05,2.5,5.0,0,0.0,0.0,0.0,0.0,0.0,1000.0
LINK/USDT,2,9,0.15,3.0,5.0,0,0.0,0.0,0.0,0.0,0.0,1000.0
LINK/USDT,3,8,0.05,2.0,3.0,0,0.0,0.0,0.0,0.0,0.0,1000.0
LINK/USDT,3,8,0.05,2.0,4.0,0,0.0,0.0,0.0,0.0,0.0,1000.0
LINK/USDT,3,8,0.05,2.0,5.0,0,0.0,0.0,0.0,0.0,0.0,1000.0
LINK/USDT,3,8,0.05,2.5,3.0,0,0.0,0.0,0.0,0.0,0.0,1000.0
LINK/USDT,3,8,0.05,2.5,4.0,0,0.0,0.0,0.0,0.0,0.0,1000.0
LINK/USDT,3,8,0.05,2.5,5.0,0,0.0,0.0,0.0,0.0,0.0,1000.0
LINK/USDT,3,8,0.05,3.0,3.0,0,0.0,0.0,0.0,0.0,0.0,1000.0
LINK/USDT,3,8,0.05,3.0,4.0,0,0.0,0.0,0.0,0.0,0.0,1000.0
LINK/USDT,3,8,0.05,3.0,5.0,0,0.0,0.0,0.0,0.0,0.0,1000.0
LINK/USDT,3,8,0.1,2.0,3.0,0,0.0,0.0,0.0,0.0,0.0,1000.0
LINK/USDT,3,8,0.1,2.0,4.0,0,0.0,0.0,0.0,0.0,0.0,1000.0
LINK/USDT,3,8,0.1,2.0,5.0,0,0.0,0.0,0.0,0.0,0.0,1000.0
LINK/USDT,3,8,0.1,2.5,3.0,0,0.0,0.0,0.0,0.0,0.0,1000.0
LINK/USDT,3,8,0.1,2.5,4.0,0,0.0,0.0,0.0,0.0,0.0,1000.0
LINK/USDT,3,8,0.1,2.5,5.0,0,0.0,0.0,0.0,0.0,0.0,1000.0
LINK/USDT,2,9,0.1,2.0,4.0,0,0.0,0.0,0.0,0.0,0.0,1000.0
LINK/USDT,2,9,0.1,2.0,5.0,0,0.0,0.0,0.0,0.0,0.0,1000.0
LINK/USDT,2,9,0.1,2.5,3.0,0,0.0,0.0,0.0,0.0,0.0,1000.0
LINK/USDT,2,9,0.1,2.5,4.0,0,0.0,0.0,0.0,0.0,0.0,1000.0
LINK/USDT,2,9,0.1,2.5,5.0,0,0.0,0.0,0.0,0.0,0.0,1000.0
LINK/USDT,2,9,0.1,3.0,3.0,0,0.0,0.0,0.0,0.0,0.0,1000.0
LINK/USDT,2,9,0.1,3.0,4.0,0,0.0,0.0,0.0,0.0,0.0,1000.0
LINK/USDT,2,9,0.1,3.0,5.0,0,0.0,0.0,0.0,0.0,0.0,1000.0
LINK/USDT,2,9,0.15,2.0,3.0,0,0.0,0.0,0.0,0.0,0.0,1000.0
LINK/USDT,2,9,0.15,2.0,4.0,0,0.0,0.0,0.0,0.0,0.0,1000.0
LINK/USDT,2,9,0.15,2.0,5.0,0,0.0,0.0,0.0,0.0,0.0,1000.0
LINK/USDT,2,9,0.15,2.5,3.0,0,0.0,0.0,0.0,0.0,0.0,1000.0
LINK/USDT,2,9,0.15,2.5,4.0,0,0.0,0.0,0.0,0.0,0.0,1000.0
LINK/USDT,2,9,0.15,2.5,5.0,0,0.0,0.0,0.0,0.0,0.0,1000.0
LINK/USDT,2,9,0.15,3.0,3.0,0,0.0,0.0,0.0,0.0,0.0,1000.0
LINK/USDT,2,9,0.15,3.0,4.0,0,0.0,0.0,0.0,0.0,0.0,1000.0
LINK/USDT,2,8,0.15,2.5,3.0,0,0.0,0.0,0.0,0.0,0.0,1000.0
LINK/USDT,2,8,0.15,2.5,4.0,0,0.0,0.0,0.0,0.0,0.0,1000.0
LINK/USDT,2,8,0.15,2.5,5.0,0,0.0,0.0,0.0,0.0,0.0,1000.0
LINK/USDT,2,8,0.15,3.0,3.0,0,0.0,0.0,0.0,0.0,0.0,1000.0
LINK/USDT,2,8,0.15,3.0,4.0,0,0.0,0.0,0.0,0.0,0.0,1000.0
LINK/USDT,2,8,0.15,3.0,5.0,0,0.0,0.0,0.0,0.0,0.0,1000.0
LINK/USDT,2,9,0.05,2.0,3.0,0,0.0,0.0,0.0,0.0,0.0,1000.0
LINK/USDT,2,9,0.05,2.0,4.0,0,0.0,0.0,0.0,0.0,0.0,1000.0
LINK/USDT,2,9,0.05,2.0,5.0,0,0.0,0.0,0.0,0.0,0.0,1000.0
LINK/USDT,2,9,0.05,2.5,3.0,0,0.0,0.0,0.0,0.0,0.0,1000.0
LINK/USDT,2,9,0.05,2.5,4.0,0,0.0,0.0,0.0,0.0,0.0,1000.0
LINK/USDT,2,9,0.05,2.5,5.0,0,0.0,0.0,0.0,0.0,0.0,1000.0
LINK/USDT,2,9,0.05,3.0,3.0,0,0.0,0.0,0.0,0.0,0.0,1000.0
LINK/USDT,2,9,0.05,3.0,4.0,0,0.0,0.0,0.0,0.0,0.0,1000.0
LINK/USDT,2,9,0.05,3.0,5.0,0,0.0,0.0,0.0,0.0,0.0,1000.0
LINK/USDT,2,9,0.1,2.0,3.0,0,0.0,0.0,0.0,0.0,0.0,1000.0
BTC/USDT,4,9,0.05,2.5,4.0,0,0.0,0.0,0.0,0.0,0.0,1000.0
BTC/USDT,4,9,0.05,2.5,5.0,0,0.0,0.0,0.0,0.0,0.0,1000.0
BTC/USDT,4,9,0.05,3.0,3.0,0,0.0,0.0,0.0,0.0,0.0,1000.0
BTC/USDT,4,9,0.05,3.0,4.0,0,0.0,0.0,0.0,0.0,0.0,1000.0
BTC/USDT,4,9,0.05,3.0,5.0,0,0.0,0.0,0.0,0.0,0.0,1000.0
BTC/USDT,4,9,0.1,2.0,3.0,0,0.0,0.0,0.0,0.0,0.0,1000.0
BTC/USDT,4,9,0.1,2.0,4.0,0,0.0,0.0,0.0,0.0,0.0,1000.0
BTC/USDT,4,9,0.1,2.0,5.0,0,0.0,0.0,0.0,0.0,0.0,1000.0
BTC/USDT,4,9,0.1,2.5,3.0,0,0.0,0.0,0.0,0.0,0.0,1000.0
BTC/USDT,4,9,0.1,2.5,4.0,0,0.0,0.0,0.0,0.0,0.0,1000.0
BTC/USDT,4,9,0.1,2.5,5.0,0,0.0,0.0,0.0,0.0,0.0,1000.0
BTC/USDT,4,9,0.1,3.0,3.0,0,0.0,0.0,0.0,0.0,0.0,1000.0
LINK/USDT,2,8,0.1,3.0,5.0,0,0.0,0.0,0.0,0.0,0.0,1000.0
LINK/USDT,2,8,0.15,2.0,3.0,0,0.0,0.0,0.0,0.0,0.0,1000.0
LINK/USDT,2,8,0.15,2.0,4.0,0,0.0,0.0,0.0,0.0,0.0,1000.0
LINK/USDT,2,8,0.15,2.0,5.0,0,0.0,0.0,0.0,0.0,0.0,1000.0
BTC/USDT,4,9,0.15,2.0,5.0,0,0.0,0.0,0.0,0.0,0.0,1000.0
BTC/USDT,4,9,0.15,2.5,3.0,0,0.0,0.0,0.0,0.0,0.0,1000.0
BTC/USDT,4,9,0.15,2.5,4.0,0,0.0,0.0,0.0,0.0,0.0,1000.0
BTC/USDT,4,9,0.15,2.5,5.0,0,0.0,0.0,0.0,0.0,0.0,1000.0
BTC/USDT,4,9,0.15,3.0,3.0,0,0.0,0.0,0.0,0.0,0.0,1000.0
BTC/USDT,4,9,0.15,3.0,4.0,0,0.0,0.0,0.0,0.0,0.0,1000.0
BTC/USDT,4,9,0.15,3.0,5.0,0,0.0,0.0,0.0,0.0,0.0,1000.0
BTC/USDT,4,9,0.05,2.0,3.0,0,0.0,0.0,0.0,0.0,0.0,1000.0
BTC/USDT,4,9,0.05,2.0,4.0,0,0.0,0.0,0.0,0.0,0.0,1000.0
BTC/USDT,4,9,0.05,2.0,5.0,0,0.0,0.0,0.0,0.0,0.0,1000.0
BTC/USDT,4,9,0.05,2.5,3.0,0,0.0,0.0,0.0,0.0,0.0,1000.0
BTC/USDT,4,9,0.1,3.0,4.0,0,0.0,0.0,0.0,0.0,0.0,1000.0
BTC/USDT,4,9,0.1,3.0,5.0,0,0.0,0.0,0.0,0.0,0.0,1000.0
BTC/USDT,4,9,0.15,2.0,3.0,0,0.0,0.0,0.0,0.0,0.0,1000.0
BTC/USDT,4,9,0.15,2.0,4.0,0,0.0,0.0,0.0,0.0,0.0,1000.0
ETH/USDT,2,8,0.15,3.0,3.0,0,0.0,0.0,0.0,0.0,0.0,1000.0
ETH/USDT,2,8,0.15,3.0,4.0,0,0.0,0.0,0.0,0.0,0.0,1000.0
ETH/USDT,2,8,0.05,2.0,3.0,0,0.0,0.0,0.0,0.0,0.0,1000.0
ETH/USDT,2,8,0.05,2.0,4.0,0,0.0,0.0,0.0,0.0,0.0,1000.0
ETH/USDT,2,8,0.05,2.0,5.0,0,0.0,0.0,0.0,0.0,0.0,1000.0
ETH/USDT,2,8,0.05,2.5,3.0,0,0.0,0.0,0.0,0.0,0.0,1000.0
ETH/USDT,2,8,0.05,2.5,4.0,0,0.0,0.0,0.0,0.0,0.0,1000.0
ETH/USDT,2,8,0.05,2.5,5.0,0,0.0,0.0,0.0,0.0,0.0,1000.0
ETH/USDT,2,8,0.05,3.0,3.0,0,0.0,0.0,0.0,0.0,0.0,1000.0
ETH/USDT,2,8,0.05,3.0,4.0,0,0.0,0.0,0.0,0.0,0.0,1000.0
ETH/USDT,2,8,0.05,3.0,5.0,0,0.0,0.0,0.0,0.0,0.0,1000.0
ETH/USDT,2,8,0.1,2.0,3.0,0,0.0,0.0,0.0,0.0,0.0,1000.0
ETH/USDT,2,9,0.1,2.5,4.0,0,0.0,0.0,0.0,0.0,0.0,1000.0
ETH/USDT,2,9,0.1,2.5,5.0,0,0.0,0.0,0.0,0.0,0.0,1000.0
ETH/USDT,2,8,0.1,2.0,4.0,0,0.0,0.0,0.0,0.0,0.0,1000.0
ETH/USDT,2,8,0.1,2.0,5.0,0,0.0,0.0,0.0,0.0,0.0,1000.0
ETH/USDT,2,8,0.1,2.5,3.0,0,0.0,0.0,0.0,0.0,0.0,1000.0
ETH/USDT,2,8,0.1,2.5,4.0,0,0.0,0.0,0.0,0.0,0.0,1000.0
ETH/USDT,2,8,0.1,2.5,5.0,0,0.0,0.0,0.0,0.0,0.0,1000.0
ETH/USDT,2,8,0.1,3.0,3.0,0,0.0,0.0,0.0,0.0,0.0,1000.0
ETH/USDT,2,8,0.1,3.0,4.0,0,0.0,0.0,0.0,0.0,0.0,1000.0
ETH/USDT,2,8,0.1,3.0,5.0,0,0.0,0.0,0.0,0.0,0.0,1000.0
ETH/USDT,2,8,0.15,2.0,3.0,0,0.0,0.0,0.0,0.0,0.0,1000.0
ETH/USDT,2,8,0.15,2.0,4.0,0,0.0,0.0,0.0,0.0,0.0,1000.0
ETH/USDT,2,8,0.15,2.0,5.0,0,0.0,0.0,0.0,0.0,0.0,1000.0
ETH/USDT,2,8,0.15,2.5,3.0,0,0.0,0.0,0.0,0.0,0.0,1000.0
ETH/USDT,2,8,0.15,2.5,4.0,0,0.0,0.0,0.0,0.0,0.0,1000.0
ETH/USDT,2,8,0.15,2.5,5.0,0,0.0,0.0,0.0,0.0,0.0,1000.0
ETH/USDT,2,8,0.15,3.0,5.0,0,0.0,0.0,0.0,0.0,0.0,1000.0
ETH/USDT,2,9,0.05,2.0,3.0,0,0.0,0.0,0.0,0.0,0.0,1000.0
ETH/USDT,2,9,0.05,2.0,4.0,0,0.0,0.0,0.0,0.0,0.0,1000.0
ETH/USDT,2,9,0.05,2.0,5.0,0,0.0,0.0,0.0,0.0,0.0,1000.0
ETH/USDT,2,9,0.05,2.5,3.0,0,0.0,0.0,0.0,0.0,0.0,1000.0
ETH/USDT,2,9,0.05,2.5,4.0,0,0.0,0.0,0.0,0.0,0.0,1000.0
ETH/USDT,2,9,0.05,2.5,5.0,0,0.0,0.0,0.0,0.0,0.0,1000.0
ETH/USDT,2,9,0.05,3.0,3.0,0,0.0,0.0,0.0,0.0,0.0,1000.0
ETH/USDT,2,9,0.05,3.0,4.0,0,0.0,0.0,0.0,0.0,0.0,1000.0
ETH/USDT,2,9,0.05,3.0,5.0,0,0.0,0.0,0.0,0.0,0.0,1000.0
ETH/USDT,2,9,0.1,2.0,3.0,0,0.0,0.0,0.0,0.0,0.0,1000.0
ETH/USDT,2,9,0.1,2.0,4.0,0,0.0,0.0,0.0,0.0,0.0,1000.0
ETH/USDT,2,9,0.1,2.0,5.0,0,0.0,0.0,0.0,0.0,0.0,1000.0
ETH/USDT,2,9,0.1,2.5,3.0,0,0.0,0.0,0.0,0.0,0.0,1000.0
ETH/USDT,2,9,0.1,3.0,3.0,0,0.0,0.0,0.0,0.0,0.0,1000.0
ETH/USDT,2,9,0.1,3.0,4.0,0,0.0,0.0,0.0,0.0,0.0,1000.0
ETH/USDT,2,9,0.1,3.0,5.0,0,0.0,0.0,0.0,0.0,0.0,1000.0
ETH/USDT,2,9,0.15,2.0,3.0,0,0.0,0.0,0.0,0.0,0.0,1000.0
ETH/USDT,2,9,0.15,2.0,4.0,0,0.0,0.0,0.0,0.0,0.0,1000.0
ETH/USDT,2,9,0.15,2.0,5.0,0,0.0,0.0,0.0,0.0,0.0,1000.0
ETH/USDT,2,9,0.15,2.5,3.0,0,0.0,0.0,0.0,0.0,0.0,1000.0
ETH/USDT,2,9,0.15,2.5,4.0,0,0.0,0.0,0.0,0.0,0.0,1000.0
ETH/USDT,2,9,0.15,2.5,5.0,0,0.0,0.0,0.0,0.0,0.0,1000.0
ETH/USDT,2,9,0.15,3.0,3.0,0,0.0,0.0,0.0,0.0,0.0,1000.0
ETH/USDT,2,9,0.15,3.0,4.0,0,0.0,0.0,0.0,0.0,0.0,1000.0
ETH/USDT,2,9,0.15,3.0,5.0,0,0.0,0.0,0.0,0.0,0.0,1000.0
ETH/USDT,3,8,0.05,2.5,3.0,0,0.0,0.0,0.0,0.0,0.0,1000.0
ETH/USDT,3,8,0.05,2.5,4.0,0,0.0,0.0,0.0,0.0,0.0,1000.0
ETH/USDT,3,8,0.05,2.5,5.0,0,0.0,0.0,0.0,0.0,0.0,1000.0
ETH/USDT,3,8,0.05,3.0,3.0,0,0.0,0.0,0.0,0.0,0.0,1000.0
ETH/USDT,3,8,0.05,3.0,4.0,0,0.0,0.0,0.0,0.0,0.0,1000.0
ETH/USDT,3,8,0.05,3.0,5.0,0,0.0,0.0,0.0,0.0,0.0,1000.0
LINK/USDT,2,8,0.1,2.0,3.0,0,0.0,0.0,0.0,0.0,0.0,1000.0
LINK/USDT,2,8,0.1,2.0,4.0,0,0.0,0.0,0.0,0.0,0.0,1000.0
LINK/USDT,2,8,0.1,2.0,5.0,0,0.0,0.0,0.0,0.0,0.0,1000.0
LINK/USDT,2,8,0.1,2.5,3.0,0,0.0,0.0,0.0,0.0,0.0,1000.0
LINK/USDT,2,8,0.1,2.5,4.0,0,0.0,0.0,0.0,0.0,0.0,1000.0
LINK/USDT,2,8,0.1,2.5,5.0,0,0.0,0.0,0.0,0.0,0.0,1000.0
LINK/USDT,2,8,0.1,3.0,3.0,0,0.0,0.0,0.0,0.0,0.0,1000.0
LINK/USDT,2,8,0.1,3.0,4.0,0,0.0,0.0,0.0,0.0,0.0,1000.0
ETH/USDT,3,8,0.05,2.0,3.0,0,0.0,0.0,0.0,0.0,0.0,1000.0
ETH/USDT,3,8,0.05,2.0,4.0,0,0.0,0.0,0.0,0.0,0.0,1000.0
ETH/USDT,3,8,0.05,2.0,5.0,0,0.0,0.0,0.0,0.0,0.0,1000.0
ETH/USDT,3,8,0.1,3.0,5.0,0,0.0,0.0,0.0,0.0,0.0,1000.0
ETH/USDT,3,8,0.15,2.0,3.0,0,0.0,0.0,0.0,0.0,0.0,1000.0
ETH/USDT,3,8,0.15,2.0,4.0,0,0.0,0.0,0.0,0.0,0.0,1000.0
ETH/USDT,3,8,0.15,2.0,5.0,0,0.0,0.0,0.0,0.0,0.0,1000.0
ETH/USDT,3,8,0.15,2.5,3.0,0,0.0,0.0,0.0,0.0,0.0,1000.0
ETH/USDT,3,8,0.15,2.5,4.0,0,0.0,0.0,0.0,0.0,0.0,1000.0
ETH/USDT,3,8,0.15,2.5,5.0,0,0.0,0.0,0.0,0.0,0.0,1000.0
ETH/USDT,3,8,0.15,3.0,3.0,0,0.0,0.0,0.0,0.0,0.0,1000.0
LINK/USDT,2,8,0.05,2.0,4.0,0,0.0,0.0,0.0,0.0,0.0,1000.0
LINK/USDT,2,8,0.05,2.0,5.0,0,0.0,0.0,0.0,0.0,0.0,1000.0
LINK/USDT,2,8,0.05,2.5,3.0,0,0.0,0.0,0.0,0.0,0.0,1000.0
LINK/USDT,2,8,0.05,2.5,4.0,0,0.0,0.0,0.0,0.0,0.0,1000.0
LINK/USDT,2,8,0.05,2.5,5.0,0,0.0,0.0,0.0,0.0,0.0,1000.0
LINK/USDT,2,8,0.05,3.0,3.0,0,0.0,0.0,0.0,0.0,0.0,1000.0
LINK/USDT,2,8,0.05,3.0,4.0,0,0.0,0.0,0.0,0.0,0.0,1000.0
LINK/USDT,2,8,0.05,3.0,5.0,0,0.0,0.0,0.0,0.0,0.0,1000.0
ETH/USDT,3,9,0.05,3.0,3.0,0,0.0,0.0,0.0,0.0,0.0,1000.0
ETH/USDT,3,9,0.05,3.0,4.0,0,0.0,0.0,0.0,0.0,0.0,1000.0
ETH/USDT,3,9,0.05,3.0,5.0,0,0.0,0.0,0.0,0.0,0.0,1000.0
ETH/USDT,3,9,0.1,2.0,3.0,0,0.0,0.0,0.0,0.0,0.0,1000.0
ETH/USDT,3,9,0.1,2.0,4.0,0,0.0,0.0,0.0,0.0,0.0,1000.0
ETH/USDT,3,9,0.1,2.0,5.0,0,0.0,0.0,0.0,0.0,0.0,1000.0
ETH/USDT,3,9,0.1,2.5,3.0,0,0.0,0.0,0.0,0.0,0.0,1000.0
ETH/USDT,3,9,0.1,2.5,4.0,0,0.0,0.0,0.0,0.0,0.0,1000.0
ETH/USDT,3,8,0.1,2.0,3.0,0,0.0,0.0,0.0,0.0,0.0,1000.0
ETH/USDT,3,8,0.1,2.0,4.0,0,0.0,0.0,0.0,0.0,0.0,1000.0
ETH/USDT,3,8,0.1,2.0,5.0,0,0.0,0.0,0.0,0.0,0.0,1000.0
ETH/USDT,3,8,0.1,2.5,3.0,0,0.0,0.0,0.0,0.0,0.0,1000.0
ETH/USDT,3,8,0.1,2.5,4.0,0,0.0,0.0,0.0,0.0,0.0,1000.0
ETH/USDT,3,8,0.1,2.5,5.0,0,0.0,0.0,0.0,0.0,0.0,1000.0
ETH/USDT,3,8,0.1,3.0,3.0,0,0.0,0.0,0.0,0.0,0.0,1000.0
ETH/USDT,3,8,0.1,3.0,4.0,0,0.0,0.0,0.0,0.0,0.0,1000.0
ETH/USDT,3,9,0.15,2.5,4.0,0,0.0,0.0,0.0,0.0,0.0,1000.0
ETH/USDT,3,9,0.15,2.5,5.0,0,0.0,0.0,0.0,0.0,0.0,1000.0
ETH/USDT,3,9,0.15,3.0,3.0,0,0.0,0.0,0.0,0.0,0.0,1000.0
ETH/USDT,3,9,0.15,3.0,4.0,0,0.0,0.0,0.0,0.0,0.0,1000.0
ETH/USDT,3,9,0.15,3.0,5.0,0,0.0,0.0,0.0,0.0,0.0,1000.0
ETH/USDT,4,7,0.05,2.0,3.0,0,0.0,0.0,0.0,0.0,0.0,1000.0
ETH/USDT,4,7,0.05,2.0,4.0,0,0.0,0.0,0.0,0.0,0.0,1000.0
ETH/USDT,4,7,0.05,2.0,5.0,0,0.0,0.0,0.0,0.0,0.0,1000.0
ETH/USDT,3,8,0.15,3.0,4.0,0,0.0,0.0,0.0,0.0,0.0,1000.0
ETH/USDT,3,8,0.15,3.0,5.0,0,0.0,0.0,0.0,0.0,0.0,1000.0
ETH/USDT,3,9,0.05,2.0,3.0,0,0.0,0.0,0.0,0.0,0.0,1000.0
ETH/USDT,3,9,0.05,2.0,4.0,0,0.0,0.0,0.0,0.0,0.0,1000.0
ETH/USDT,3,9,0.05,2.0,5.0,0,0.0,0.0,0.0,0.0,0.0,1000.0
ETH/USDT,3,9,0.05,2.5,3.0,0,0.0,0.0,0.0,0.0,0.0,1000.0
ETH/USDT,3,9,0.05,2.5,4.0,0,0.0,0.0,0.0,0.0,0.0,1000.0
ETH/USDT,3,9,0.05,2.5,5.0,0,0.0,0.0,0.0,0.0,0.0,1000.0
ETH/USDT,4,7,0.1,2.0,5.0,0,0.0,0.0,0.0,0.0,0.0,1000.0
ETH/USDT,4,7,0.1,2.5,3.0,0,0.0,0.0,0.0,0.0,0.0,1000.0
ETH/USDT,4,7,0.1,2.5,4.0,0,0.0,0.0,0.0,0.0,0.0,1000.0
ETH/USDT,4,7,0.1,2.5,5.0,0,0.0,0.0,0.0,0.0,0.0,1000.0
ETH/USDT,4,7,0.1,3.0,3.0,0,0.0,0.0,0.0,0.0,0.0,1000.0
ETH/USDT,4,7,0.1,3.0,4.0,0,0.0,0.0,0.0,0.0,0.0,1000.0
ETH/USDT,4,7,0.1,3.0,5.0,0,0.0,0.0,0.0,0.0,0.0,1000.0
ETH/USDT,4,7,0.15,2.0,3.0,0,0.0,0.0,0.0,0.0,0.0,1000.0
ETH/USDT,3,9,0.1,2.5,5.0,0,0.0,0.0,0.0,0.0,0.0,1000.0
ETH/USDT,3,9,0.1,3.0,3.0,0,0.0,0.0,0.0,0.0,0.0,1000.0
ETH/USDT,3,9,0.1,3.0,4.0,0,0.0,0.0,0.0,0.0,0.0,1000.0
ETH/USDT,3,9,0.1,3.0,5.0,0,0.0,0.0,0.0,0.0,0.0,1000.0
ETH/USDT,3,9,0.15,2.0,3.0,0,0.0,0.0,0.0,0.0,0.0,1000.0
ETH/USDT,3,9,0.15,2.0,4.0,0,0.0,0.0,0.0,0.0,0.0,1000.0
ETH/USDT,3,9,0.15,2.0,5.0,0,0.0,0.0,0.0,0.0,0.0,1000.0
ETH/USDT,3,9,0.15,2.5,3.0,0,0.0,0.0,0.0,0.0,0.0,1000.0
ETH/USDT,4,8,0.05,2.0,3.0,0,0.0,0.0,0.0,0.0,0.0,1000.0
ETH/USDT,4,8,0.05,2.0,4.0,0,0.0,0.0,0.0,0.0,0.0,1000.0
ETH/USDT,4,8,0.05,2.0,5.0,0,0.0,0.0,0.0,0.0,0.0,1000.0
ETH/USDT,4,8,0.05,2.5,3.0,0,0.0,0.0,0.0,0.0,0.0,1000.0
ETH/USDT,4,8,0.05,2.5,4.0,0,0.0,0.0,0.0,0.0,0.0,1000.0
ETH/USDT,4,8,0.05,2.5,5.0,0,0.0,0.0,0.0,0.0,0.0,1000.0
ETH/USDT,4,8,0.05,3.0,3.0,0,0.0,0.0,0.0,0.0,0.0,1000.0
ETH/USDT,4,8,0.05,3.0,4.0,0,0.0,0.0,0.0,0.0,0.0,1000.0
ETH/USDT,4,7,0.05,2.5,3.0,0,0.0,0.0,0.0,0.0,0.0,1000.0
ETH/USDT,4,7,0.05,2.5,4.0,0,0.0,0.0,0.0,0.0,0.0,1000.0
ETH/USDT,4,7,0.05,2.5,5.0,0,0.0,0.0,0.0,0.0,0.0,1000.0
ETH/USDT,4,7,0.05,3.0,3.0,0,0.0,0.0,0.0,0.0,0.0,1000.0
ETH/USDT,4,7,0.05,3.0,4.0,0,0.0,0.0,0.0,0.0,0.0,1000.0
ETH/USDT,4,7,0.05,3.0,5.0,0,0.0,0.0,0.0,0.0,0.0,1000.0
ETH/USDT,4,7,0.1,2.0,3.0,0,0.0,0.0,0.0,0.0,0.0,1000.0
ETH/USDT,4,7,0.1,2.0,4.0,0,0.0,0.0,0.0,0.0,0.0,1000.0
ETH/USDT,4,8,0.1,3.0,4.0,0,0.0,0.0,0.0,0.0,0.0,1000.0
ETH/USDT,4,8,0.1,3.0,5.0,0,0.0,0.0,0.0,0.0,0.0,1000.0
ETH/USDT,4,8,0.15,2.0,3.0,0,0.0,0.0,0.0,0.0,0.0,1000.0
ETH/USDT,4,8,0.15,2.0,4.0,0,0.0,0.0,0.0,0.0,0.0,1000.0
ETH/USDT,4,8,0.15,2.0,5.0,0,0.0,0.0,0.0,0.0,0.0,1000.0
ETH/USDT,4,8,0.15,2.5,3.0,0,0.0,0.0,0.0,0.0,0.0,1000.0
ETH/USDT,4,8,0.15,2.5,4.0,0,0.0,0.0,0.0,0.0,0.0,1000.0
ETH/USDT,4,8,0.15,2.5,5.0,0,0.0,0.0,0.0,0.0,0.0,1000.0
ETH/USDT,4,7,0.15,2.0,4.0,0,0.0,0.0,0.0,0.0,0.0,1000.0
ETH/USDT,4,7,0.15,2.0,5.0,0,0.0,0.0,0.0,0.0,0.0,1000.0
ETH/USDT,4,7,0.15,2.5,3.0,0,0.0,0.0,0.0,0.0,0.0,1000.0
ETH/USDT,4,7,0.15,2.5,4.0,0,0.0,0.0,0.0,0.0,0.0,1000.0
ETH/USDT,4,7,0.15,2.5,5.0,0,0.0,0.0,0.0,0.0,0.0,1000.0
ETH/USDT,4,7,0.15,3.0,3.0,0,0.0,0.0,0.0,0.0,0.0,1000.0
ETH/USDT,4,7,0.15,3.0,4.0,0,0.0,0.0,0.0,0.0,0.0,1000.0
ETH/USDT,4,7,0.15,3.0,5.0,0,0.0,0.0,0.0,0.0,0.0,1000.0
ETH/USDT,4,9,0.05,2.5,5.0,0,0.0,0.0,0.0,0.0,0.0,1000.0
ETH/USDT,4,9,0.05,3.0,3.0,0,0.0,0.0,0.0,0.0,0.0,1000.0
ETH/USDT,4,9,0.05,3.0,4.0,0,0.0,0.0,0.0,0.0,0.0,1000.0
ETH/USDT,4,9,0.05,3.0,5.0,0,0.0,0.0,0.0,0.0,0.0,1000.0
ETH/USDT,4,9,0.1,2.0,3.0,0,0.0,0.0,0.0,0.0,0.0,1000.0
ETH/USDT,4,9,0.1,2.0,4.0,0,0.0,0.0,0.0,0.0,0.0,1000.0
ETH/USDT,4,9,0.1,2.0,5.0,0,0.0,0.0,0.0,0.0,0.0,1000.0
ETH/USDT,4,9,0.1,2.5,3.0,0,0.0,0.0,0.0,0.0,0.0,1000.0
ETH/USDT,4,8,0.05,3.0,5.0,0,0.0,0.0,0.0,0.0,0.0,1000.0
ETH/USDT,4,8,0.1,2.0,3.0,0,0.0,0.0,0.0,0.0,0.0,1000.0
ETH/USDT,4,8,0.1,2.0,4.0,0,0.0,0.0,0.0,0.0,0.0,1000.0
ETH/USDT,4,8,0.1,2.0,5.0,0,0.0,0.0,0.0,0.0,0.0,1000.0
ETH/USDT,4,8,0.1,2.5,3.0,0,0.0,0.0,0.0,0.0,0.0,1000.0
ETH/USDT,4,8,0.1,2.5,4.0,0,0.0,0.0,0.0,0.0,0.0,1000.0
ETH/USDT,4,8,0.1,2.5,5.0,0,0.0,0.0,0.0,0.0,0.0,1000.0
ETH/USDT,4,8,0.1,3.0,3.0,0,0.0,0.0,0.0,0.0,0.0,1000.0
ETH/USDT,4,9,0.15,2.0,4.0,0,0.0,0.0,0.0,0.0,0.0,1000.0
ETH/USDT,4,9,0.15,2.0,5.0,0,0.0,0.0,0.0,0.0,0.0,1000.0
ETH/USDT,4,9,0.15,2.5,3.0,0,0.0,0.0,0.0,0.0,0.0,1000.0
ETH/USDT,4,9,0.15,2.5,4.0,0,0.0,0.0,0.0,0.0,0.0,1000.0
ETH/USDT,4,9,0.15,2.5,5.0,0,0.0,0.0,0.0,0.0,0.0,1000.0
ETH/USDT,4,9,0.15,3.0,3.0,0,0.0,0.0,0.0,0.0,0.0,1000.0
ETH/USDT,4,9,0.15,3.0,4.0,0,0.0,0.0,0.0,0.0,0.0,1000.0
ETH/USDT,4,9,0.15,3.0,5.0,0,0.0,0.0,0.0,0.0,0.0,1000.0
ETH/USDT,4,8,0.15,3.0,3.0,0,0.0,0.0,0.0,0.0,0.0,1000.0
ETH/USDT,4,8,0.15,3.0,4.0,0,0.0,0.0,0.0,0.0,0.0,1000.0
ETH/USDT,4,8,0.15,3.0,5.0,0,0.0,0.0,0.0,0.0,0.0,1000.0
ETH/USDT,4,9,0.05,2.0,3.0,0,0.0,0.0,0.0,0.0,0.0,1000.0
ETH/USDT,4,9,0.05,2.0,4.0,0,0.0,0.0,0.0,0.0,0.0,1000.0
ETH/USDT,4,9,0.05,2.0,5.0,0,0.0,0.0,0.0,0.0,0.0,1000.0
ETH/USDT,4,9,0.05,2.5,3.0,0,0.0,0.0,0.0,0.0,0.0,1000.0
ETH/USDT,4,9,0.05,2.5,4.0,0,0.0,0.0,0.0,0.0,0.0,1000.0
BNB/USDT,2,8,0.05,2.0,5.0,0,0.0,0.0,0.0,0.0,0.0,1000.0
BNB/USDT,2,8,0.05,2.5,3.0,0,0.0,0.0,0.0,0.0,0.0,1000.0
BNB/USDT,2,8,0.05,2.5,4.0,0,0.0,0.0,0.0,0.0,0.0,1000.0
BNB/USDT,2,8,0.05,2.5,5.0,0,0.0,0.0,0.0,0.0,0.0,1000.0
BNB/USDT,2,8,0.05,3.0,3.0,0,0.0,0.0,0.0,0.0,0.0,1000.0
SOL/USDT,4,9,0.15,2.5,5.0,0,0.0,0.0,0.0,0.0,0.0,1000.0
SOL/USDT,4,9,0.15,3.0,3.0,0,0.0,0.0,0.0,0.0,0.0,1000.0
SOL/USDT,4,9,0.15,3.0,4.0,0,0.0,0.0,0.0,0.0,0.0,1000.0
SOL/USDT,4,9,0.15,3.0,5.0,0,0.0,0.0,0.0,0.0,0.0,1000.0
LINK/USDT,2,8,0.05,2.0,3.0,0,0.0,0.0,0.0,0.0,0.0,1000.0
ETH/USDT,4,9,0.1,2.5,4.0,0,0.0,0.0,0.0,0.0,0.0,1000.0
ETH/USDT,4,9,0.1,2.5,5.0,0,0.0,0.0,0.0,0.0,0.0,1000.0
ETH/USDT,4,9,0.1,3.0,3.0,0,0.0,0.0,0.0,0.0,0.0,1000.0
ETH/USDT,4,9,0.1,3.0,4.0,0,0.0,0.0,0.0,0.0,0.0,1000.0
ETH/USDT,4,9,0.1,3.0,5.0,0,0.0,0.0,0.0,0.0,0.0,1000.0
ETH/USDT,4,9,0.15,2.0,3.0,0,0.0,0.0,0.0,0.0,0.0,1000.0
SOL/USDT,4,9,0.1,2.0,3.0,0,0.0,0.0,0.0,0.0,0.0,1000.0
SOL/USDT,4,9,0.1,2.0,4.0,0,0.0,0.0,0.0,0.0,0.0,1000.0
SOL/USDT,4,9,0.1,2.0,5.0,0,0.0,0.0,0.0,0.0,0.0,1000.0
SOL/USDT,4,9,0.1,2.5,3.0,0,0.0,0.0,0.0,0.0,0.0,1000.0
SOL/USDT,4,9,0.1,2.5,4.0,0,0.0,0.0,0.0,0.0,0.0,1000.0
SOL/USDT,4,9,0.1,2.5,5.0,0,0.0,0.0,0.0,0.0,0.0,1000.0
SOL/USDT,4,9,0.1,3.0,3.0,0,0.0,0.0,0.0,0.0,0.0,1000.0
SOL/USDT,4,9,0.1,3.0,4.0,0,0.0,0.0,0.0,0.0,0.0,1000.0
SOL/USDT,4,9,0.1,3.0,5.0,0,0.0,0.0,0.0,0.0,0.0,1000.0
SOL/USDT,4,9,0.15,2.0,3.0,0,0.0,0.0,0.0,0.0,0.0,1000.0
SOL/USDT,4,9,0.15,2.0,4.0,0,0.0,0.0,0.0,0.0,0.0,1000.0
SOL/USDT,4,9,0.15,2.0,5.0,0,0.0,0.0,0.0,0.0,0.0,1000.0
SOL/USDT,4,9,0.15,2.5,3.0,0,0.0,0.0,0.0,0.0,0.0,1000.0
SOL/USDT,4,9,0.15,2.5,4.0,0,0.0,0.0,0.0,0.0,0.0,1000.0
BNB/USDT,2,8,0.05,2.0,3.0,0,0.0,0.0,0.0,0.0,0.0,1000.0
BNB/USDT,2,8,0.05,2.0,4.0,0,0.0,0.0,0.0,0.0,0.0,1000.0
BNB/USDT,2,8,0.1,2.0,3.0,0,0.0,0.0,0.0,0.0,0.0,1000.0
BNB/USDT,2,8,0.1,2.0,4.0,0,0.0,0.0,0.0,0.0,0.0,1000.0
BNB/USDT,2,8,0.1,2.0,5.0,0,0.0,0.0,0.0,0.0,0.0,1000.0
BNB/USDT,2,8,0.1,2.5,3.0,0,0.0,0.0,0.0,0.0,0.0,1000.0
BNB/USDT,2,8,0.1,2.5,4.0,0,0.0,0.0,0.0,0.0,0.0,1000.0
BNB/USDT,2,8,0.1,2.5,5.0,0,0.0,0.0,0.0,0.0,0.0,1000.0
BNB/USDT,2,8,0.1,3.0,3.0,0,0.0,0.0,0.0,0.0,0.0,1000.0
BNB/USDT,2,8,0.1,3.0,4.0,0,0.0,0.0,0.0,0.0,0.0,1000.0
BNB/USDT,2,8,0.1,3.0,5.0,0,0.0,0.0,0.0,0.0,0.0,1000.0
BNB/USDT,2,8,0.15,2.0,3.0,0,0.0,0.0,0.0,0.0,0.0,1000.0
BNB/USDT,2,8,0.15,2.0,4.0,0,0.0,0.0,0.0,0.0,0.0,1000.0
BNB/USDT,2,8,0.15,2.0,5.0,0,0.0,0.0,0.0,0.0,0.0,1000.0
BNB/USDT,2,8,0.15,2.5,3.0,0,0.0,0.0,0.0,0.0,0.0,1000.0
BNB/USDT,2,8,0.15,2.5,4.0,0,0.0,0.0,0.0,0.0,0.0,1000.0
SOL/USDT,4,9,0.05,3.0,4.0,0,0.0,0.0,0.0,0.0,0.0,1000.0
SOL/USDT,4,9,0.05,3.0,5.0,0,0.0,0.0,0.0,0.0,0.0,1000.0
BNB/USDT,2,8,0.15,3.0,4.0,0,0.0,0.0,0.0,0.0,0.0,1000.0
BNB/USDT,2,8,0.15,3.0,5.0,0,0.0,0.0,0.0,0.0,0.0,1000.0
BNB/USDT,2,9,0.05,2.0,3.0,0,0.0,0.0,0.0,0.0,0.0,1000.0
BNB/USDT,2,9,0.05,2.0,4.0,0,0.0,0.0,0.0,0.0,0.0,1000.0
BNB/USDT,2,9,0.05,2.0,5.0,0,0.0,0.0,0.0,0.0,0.0,1000.0
BNB/USDT,2,9,0.05,2.5,3.0,0,0.0,0.0,0.0,0.0,0.0,1000.0
BNB/USDT,2,9,0.05,2.5,4.0,0,0.0,0.0,0.0,0.0,0.0,1000.0
BNB/USDT,2,9,0.05,2.5,5.0,0,0.0,0.0,0.0,0.0,0.0,1000.0
BNB/USDT,2,9,0.05,3.0,3.0,0,0.0,0.0,0.0,0.0,0.0,1000.0
BNB/USDT,2,9,0.05,3.0,4.0,0,0.0,0.0,0.0,0.0,0.0,1000.0
BNB/USDT,2,9,0.05,3.0,5.0,0,0.0,0.0,0.0,0.0,0.0,1000.0
BNB/USDT,2,9,0.1,2.0,3.0,0,0.0,0.0,0.0,0.0,0.0,1000.0
BNB/USDT,2,9,0.1,2.0,4.0,0,0.0,0.0,0.0,0.0,0.0,1000.0
BNB/USDT,2,9,0.1,2.0,5.0,0,0.0,0.0,0.0,0.0,0.0,1000.0
BNB/USDT,2,8,0.05,3.0,4.0,0,0.0,0.0,0.0,0.0,0.0,1000.0
BNB/USDT,2,8,0.05,3.0,5.0,0,0.0,0.0,0.0,0.0,0.0,1000.0
BNB/USDT,2,9,0.1,2.5,4.0,0,0.0,0.0,0.0,0.0,0.0,1000.0
BNB/USDT,2,9,0.1,2.5,5.0,0,0.0,0.0,0.0,0.0,0.0,1000.0
BNB/USDT,2,9,0.1,3.0,3.0,0,0.0,0.0,0.0,0.0,0.0,1000.0
BNB/USDT,2,9,0.1,3.0,4.0,0,0.0,0.0,0.0,0.0,0.0,1000.0
BNB/USDT,2,9,0.1,3.0,5.0,0,0.0,0.0,0.0,0.0,0.0,1000.0
BNB/USDT,2,9,0.15,2.0,3.0,0,0.0,0.0,0.0,0.0,0.0,1000.0
BNB/USDT,2,9,0.15,2.0,4.0,0,0.0,0.0,0.0,0.0,0.0,1000.0
BNB/USDT,2,9,0.15,2.0,5.0,0,0.0,0.0,0.0,0.0,0.0,1000.0
BNB/USDT,2,9,0.15,2.5,3.0,0,0.0,0.0,0.0,0.0,0.0,1000.0
BNB/USDT,2,9,0.15,2.5,4.0,0,0.0,0.0,0.0,0.0,0.0,1000.0
BNB/USDT,2,9,0.15,2.5,5.0,0,0.0,0.0,0.0,0.0,0.0,1000.0
BNB/USDT,2,9,0.15,3.0,3.0,0,0.0,0.0,0.0,0.0,0.0,1000.0
BNB/USDT,2,9,0.15,3.0,4.0,0,0.0,0.0,0.0,0.0,0.0,1000.0
BNB/USDT,2,9,0.15,3.0,5.0,0,0.0,0.0,0.0,0.0,0.0,1000.0
BNB/USDT,2,8,0.15,2.5,5.0,0,0.0,0.0,0.0,0.0,0.0,1000.0
BNB/USDT,2,8,0.15,3.0,3.0,0,0.0,0.0,0.0,0.0,0.0,1000.0
LINK/USDT,4,9,0.15,3.0,3.0,0,0.0,0.0,0.0,0.0,0.0,1000.0
LINK/USDT,4,9,0.15,2.5,5.0,0,0.0,0.0,0.0,0.0,0.0,1000.0
LINK/USDT,4,9,0.15,2.5,4.0,0,0.0,0.0,0.0,0.0,0.0,1000.0
LINK/USDT,4,9,0.15,2.5,3.0,0,0.0,0.0,0.0,0.0,0.0,1000.0
LINK/USDT,4,9,0.15,2.0,5.0,0,0.0,0.0,0.0,0.0,0.0,1000.0
LINK/USDT,4,9,0.15,2.0,4.0,0,0.0,0.0,0.0,0.0,0.0,1000.0
LINK/USDT,4,9,0.05,2.5,3.0,0,0.0,0.0,0.0,0.0,0.0,1000.0
LINK/USDT,4,9,0.05,2.0,5.0,0,0.0,0.0,0.0,0.0,0.0,1000.0
SOL/USDT,4,9,0.05,2.0,3.0,0,0.0,0.0,0.0,0.0,0.0,1000.0
SOL/USDT,4,9,0.05,2.0,4.0,0,0.0,0.0,0.0,0.0,0.0,1000.0
SOL/USDT,4,9,0.05,2.0,5.0,0,0.0,0.0,0.0,0.0,0.0,1000.0
SOL/USDT,4,9,0.05,2.5,3.0,0,0.0,0.0,0.0,0.0,0.0,1000.0
SOL/USDT,4,9,0.05,2.5,4.0,0,0.0,0.0,0.0,0.0,0.0,1000.0
SOL/USDT,4,9,0.05,2.5,5.0,0,0.0,0.0,0.0,0.0,0.0,1000.0
SOL/USDT,4,9,0.05,3.0,3.0,0,0.0,0.0,0.0,0.0,0.0,1000.0
BNB/USDT,2,9,0.1,2.5,3.0,0,0.0,0.0,0.0,0.0,0.0,1000.0
LINK/USDT,4,9,0.05,2.0,4.0,0,0.0,0.0,0.0,0.0,0.0,1000.0
LINK/USDT,4,9,0.05,2.0,3.0,0,0.0,0.0,0.0,0.0,0.0,1000.0
LINK/USDT,4,8,0.15,3.0,5.0,0,0.0,0.0,0.0,0.0,0.0,1000.0
LINK/USDT,4,8,0.15,3.0,4.0,0,0.0,0.0,0.0,0.0,0.0,1000.0
LINK/USDT,4,8,0.15,3.0,3.0,0,0.0,0.0,0.0,0.0,0.0,1000.0
LINK/USDT,4,8,0.05,3.0,5.0,0,0.0,0.0,0.0,0.0,0.0,1000.0
LINK/USDT,4,9,0.15,3.0,5.0,0,0.0,0.0,0.0,0.0,0.0,1000.0
SOL/USDT,3,9,0.05,2.0,3.0,0,0.0,0.0,0.0,0.0,0.0,1000.0
SOL/USDT,3,9,0.05,2.0,4.0,0,0.0,0.0,0.0,0.0,0.0,1000.0
BNB/USDT,3,8,0.05,2.0,3.0,0,0.0,0.0,0.0,0.0,0.0,1000.0
BNB/USDT,3,8,0.05,2.0,4.0,0,0.0,0.0,0.0,0.0,0.0,1000.0
BNB/USDT,3,8,0.05,2.0,5.0,0,0.0,0.0,0.0,0.0,0.0,1000.0
BNB/USDT,3,8,0.05,2.5,3.0,0,0.0,0.0,0.0,0.0,0.0,1000.0
BNB/USDT,3,8,0.05,2.5,4.0,0,0.0,0.0,0.0,0.0,0.0,1000.0
BNB/USDT,3,8,0.05,2.5,5.0,0,0.0,0.0,0.0,0.0,0.0,1000.0
SOL/USDT,3,9,0.05,2.0,5.0,0,0.0,0.0,0.0,0.0,0.0,1000.0
BNB/USDT,3,8,0.1,2.5,4.0,0,0.0,0.0,0.0,0.0,0.0,1000.0
BNB/USDT,3,8,0.1,2.5,5.0,0,0.0,0.0,0.0,0.0,0.0,1000.0
BNB/USDT,3,8,0.1,3.0,3.0,0,0.0,0.0,0.0,0.0,0.0,1000.0
BNB/USDT,3,8,0.1,3.0,4.0,0,0.0,0.0,0.0,0.0,0.0,1000.0
BNB/USDT,3,8,0.1,3.0,5.0,0,0.0,0.0,0.0,0.0,0.0,1000.0
BNB/USDT,3,8,0.15,2.0,3.0,0,0.0,0.0,0.0,0.0,0.0,1000.0
BNB/USDT,3,8,0.15,2.0,4.0,0,0.0,0.0,0.0,0.0,0.0,1000.0
BNB/USDT,3,8,0.15,2.0,5.0,0,0.0,0.0,0.0,0.0,0.0,1000.0
BNB/USDT,3,8,0.15,2.5,3.0,0,0.0,0.0,0.0,0.0,0.0,1000.0
SOL/USDT,3,9,0.05,2.5,3.0,0,0.0,0.0,0.0,0.0,0.0,1000.0
SOL/USDT,3,9,0.05,2.5,4.0,0,0.0,0.0,0.0,0.0,0.0,1000.0
SOL/USDT,3,9,0.05,2.5,5.0,0,0.0,0.0,0.0,0.0,0.0,1000.0
SOL/USDT,3,9,0.05,3.0,3.0,0,0.0,0.0,0.0,0.0,0.0,1000.0
SOL/USDT,3,9,0.05,3.0,4.0,0,0.0,0.0,0.0,0.0,0.0,1000.0
BTC/USDT,2,9,0.1,2.5,4.0,0,0.0,0.0,0.0,0.0,0.0,1000.0
BTC/USDT,2,9,0.1,2.5,5.0,0,0.0,0.0,0.0,0.0,0.0,1000.0
BNB/USDT,3,9,0.05,2.0,5.0,0,0.0,0.0,0.0,0.0,0.0,1000.0
BNB/USDT,3,9,0.05,2.5,3.0,0,0.0,0.0,0.0,0.0,0.0,1000.0
BNB/USDT,3,9,0.05,2.5,4.0,0,0.0,0.0,0.0,0.0,0.0,1000.0
BNB/USDT,3,9,0.05,2.5,5.0,0,0.0,0.0,0.0,0.0,0.0,1000.0
BNB/USDT,3,9,0.05,3.0,3.0,0,0.0,0.0,0.0,0.0,0.0,1000.0
BNB/USDT,3,9,0.05,3.0,4.0,0,0.0,0.0,0.0,0.0,0.0,1000.0
BNB/USDT,3,9,0.05,3.0,5.0,0,0.0,0.0,0.0,0.0,0.0,1000.0
BNB/USDT,3,9,0.1,2.0,3.0,0,0.0,0.0,0.0,0.0,0.0,1000.0
BNB/USDT,3,9,0.1,2.0,4.0,0,0.0,0.0,0.0,0.0,0.0,1000.0
BNB/USDT,3,8,0.05,3.0,3.0,0,0.0,0.0,0.0,0.0,0.0,1000.0
BNB/USDT,3,8,0.05,3.0,4.0,0,0.0,0.0,0.0,0.0,0.0,1000.0
BNB/USDT,3,8,0.05,3.0,5.0,0,0.0,0.0,0.0,0.0,0.0,1000.0
BNB/USDT,3,8,0.1,2.0,3.0,0,0.0,0.0,0.0,0.0,0.0,1000.0
BNB/USDT,3,8,0.1,2.0,4.0,0,0.0,0.0,0.0,0.0,0.0,1000.0
BNB/USDT,3,8,0.1,2.0,5.0,0,0.0,0.0,0.0,0.0,0.0,1000.0
BNB/USDT,3,8,0.1,2.5,3.0,0,0.0,0.0,0.0,0.0,0.0,1000.0
BNB/USDT,3,9,0.15,2.0,3.0,0,0.0,0.0,0.0,0.0,0.0,1000.0
BNB/USDT,3,9,0.15,2.0,4.0,0,0.0,0.0,0.0,0.0,0.0,1000.0
BNB/USDT,3,9,0.15,2.0,5.0,0,0.0,0.0,0.0,0.0,0.0,1000.0
BNB/USDT,3,9,0.15,2.5,3.0,0,0.0,0.0,0.0,0.0,0.0,1000.0
BNB/USDT,3,9,0.15,2.5,4.0,0,0.0,0.0,0.0,0.0,0.0,1000.0
BNB/USDT,3,9,0.15,2.5,5.0,0,0.0,0.0,0.0,0.0,0.0,1000.0
BNB/USDT,3,9,0.15,3.0,3.0,0,0.0,0.0,0.0,0.0,0.0,1000.0
BNB/USDT,3,9,0.15,3.0,4.0,0,0.0,0.0,0.0,0.0,0.0,1000.0
BNB/USDT,3,9,0.15,3.0,5.0,0,0.0,0.0,0.0,0.0,0.0,1000.0
BNB/USDT,3,8,0.15,2.5,4.0,0,0.0,0.0,0.0,0.0,0.0,1000.0
BNB/USDT,3,8,0.15,2.5,5.0,0,0.0,0.0,0.0,0.0,0.0,1000.0
BNB/USDT,3,8,0.15,3.0,3.0,0,0.0,0.0,0.0,0.0,0.0,1000.0
BNB/USDT,3,8,0.15,3.0,4.0,0,0.0,0.0,0.0,0.0,0.0,1000.0
BNB/USDT,3,8,0.15,3.0,5.0,0,0.0,0.0,0.0,0.0,0.0,1000.0
BNB/USDT,3,9,0.05,2.0,3.0,0,0.0,0.0,0.0,0.0,0.0,1000.0
BNB/USDT,3,9,0.05,2.0,4.0,0,0.0,0.0,0.0,0.0,0.0,1000.0
BNB/USDT,4,7,0.05,3.0,4.0,0,0.0,0.0,0.0,0.0,0.0,1000.0
BNB/USDT,4,7,0.05,3.0,5.0,0,0.0,0.0,0.0,0.0,0.0,1000.0
BNB/USDT,4,7,0.1,2.0,3.0,0,0.0,0.0,0.0,0.0,0.0,1000.0
BNB/USDT,4,7,0.1,2.0,4.0,0,0.0,0.0,0.0,0.0,0.0,1000.0
BNB/USDT,4,7,0.1,2.0,5.0,0,0.0,0.0,0.0,0.0,0.0,1000.0
BNB/USDT,4,7,0.1,2.5,3.0,0,0.0,0.0,0.0,0.0,0.0,1000.0
BNB/USDT,4,7,0.1,2.5,4.0,0,0.0,0.0,0.0,0.0,0.0,1000.0
BNB/USDT,4,7,0.1,2.5,5.0,0,0.0,0.0,0.0,0.0,0.0,1000.0
BNB/USDT,4,7,0.1,3.0,3.0,0,0.0,0.0,0.0,0.0,0.0,1000.0
BNB/USDT,3,9,0.1,2.0,5.0,0,0.0,0.0,0.0,0.0,0.0,1000.0
BNB/USDT,3,9,0.1,2.5,3.0,0,0.0,0.0,0.0,0.0,0.0,1000.0
BNB/USDT,3,9,0.1,2.5,4.0,0,0.0,0.0,0.0,0.0,0.0,1000.0
BNB/USDT,3,9,0.1,2.5,5.0,0,0.0,0.0,0.0,0.0,0.0,1000.0
BNB/USDT,3,9,0.1,3.0,3.0,0,0.0,0.0,0.0,0.0,0.0,1000.0
BNB/USDT,3,9,0.1,3.0,4.0,0,0.0,0.0,0.0,0.0,0.0,1000.0
BNB/USDT,3,9,0.1,3.0,5.0,0,0.0,0.0,0.0,0.0,0.0,1000.0
BNB/USDT,4,7,0.15,2.5,5.0,0,0.0,0.0,0.0,0.0,0.0,1000.0
BNB/USDT,4,7,0.15,3.0,3.0,0,0.0,0.0,0.0,0.0,0.0,1000.0
BNB/USDT,4,7,0.15,3.0,4.0,0,0.0,0.0,0.0,0.0,0.0,1000.0
BNB/USDT,4,7,0.15,3.0,5.0,0,0.0,0.0,0.0,0.0,0.0,1000.0
BNB/USDT,4,8,0.05,2.0,3.0,0,0.0,0.0,0.0,0.0,0.0,1000.0
BNB/USDT,4,8,0.05,2.0,4.0,0,0.0,0.0,0.0,0.0,0.0,1000.0
BNB/USDT,4,8,0.05,2.0,5.0,0,0.0,0.0,0.0,0.0,0.0,1000.0
BNB/USDT,4,8,0.05,2.5,3.0,0,0.0,0.0,0.0,0.0,0.0,1000.0
BNB/USDT,4,8,0.05,2.5,4.0,0,0.0,0.0,0.0,0.0,0.0,1000.0
BNB/USDT,4,7,0.05,2.0,3.0,0,0.0,0.0,0.0,0.0,0.0,1000.0
BNB/USDT,4,7,0.05,2.0,4.0,0,0.0,0.0,0.0,0.0,0.0,1000.0
BNB/USDT,4,7,0.05,2.0,5.0,0,0.0,0.0,0.0,0.0,0.0,1000.0
BNB/USDT,4,7,0.05,2.5,3.0,0,0.0,0.0,0.0,0.0,0.0,1000.0
BNB/USDT,4,7,0.05,2.5,4.0,0,0.0,0.0,0.0,0.0,0.0,1000.0
BNB/USDT,4,7,0.05,2.5,5.0,0,0.0,0.0,0.0,0.0,0.0,1000.0
BNB/USDT,4,7,0.05,3.0,3.0,0,0.0,0.0,0.0,0.0,0.0,1000.0
BNB/USDT,4,8,0.1,2.5,3.0,0,0.0,0.0,0.0,0.0,0.0,1000.0
BNB/USDT,4,8,0.1,2.5,4.0,0,0.0,0.0,0.0,0.0,0.0,1000.0
BNB/USDT,4,8,0.1,2.5,5.0,0,0.0,0.0,0.0,0.0,0.0,1000.0
BNB/USDT,4,8,0.1,3.0,3.0,0,0.0,0.0,0.0,0.0,0.0,1000.0
BNB/USDT,4,8,0.1,3.0,4.0,0,0.0,0.0,0.0,0.0,0.0,1000.0
BNB/USDT,4,8,0.1,3.0,5.0,0,0.0,0.0,0.0,0.0,0.0,1000.0
BNB/USDT,4,8,0.15,2.0,3.0,0,0.0,0.0,0.0,0.0,0.0,1000.0
BNB/USDT,4,8,0.15,2.0,4.0,0,0.0,0.0,0.0,0.0,0.0,1000.0
BNB/USDT,4,8,0.15,2.0,5.0,0,0.0,0.0,0.0,0.0,0.0,1000.0
BNB/USDT,4,7,0.1,3.0,4.0,0,0.0,0.0,0.0,0.0,0.0,1000.0
BNB/USDT,4,7,0.1,3.0,5.0,0,0.0,0.0,0.0,0.0,0.0,1000.0
BNB/USDT,4,7,0.15,2.0,3.0,0,0.0,0.0,0.0,0.0,0.0,1000.0
BNB/USDT,4,7,0.15,2.0,4.0,0,0.0,0.0,0.0,0.0,0.0,1000.0
BNB/USDT,4,7,0.15,2.0,5.0,0,0.0,0.0,0.0,0.0,0.0,1000.0
BNB/USDT,4,7,0.15,2.5,3.0,0,0.0,0.0,0.0,0.0,0.0,1000.0
BNB/USDT,4,7,0.15,2.5,4.0,0,0.0,0.0,0.0,0.0,0.0,1000.0
BNB/USDT,4,9,0.05,2.0,4.0,0,0.0,0.0,0.0,0.0,0.0,1000.0
BNB/USDT,4,9,0.05,2.0,5.0,0,0.0,0.0,0.0,0.0,0.0,1000.0
BNB/USDT,4,9,0.05,2.5,3.0,0,0.0,0.0,0.0,0.0,0.0,1000.0
BNB/USDT,4,9,0.05,2.5,4.0,0,0.0,0.0,0.0,0.0,0.0,1000.0
BNB/USDT,4,9,0.05,2.5,5.0,0,0.0,0.0,0.0,0.0,0.0,1000.0
BNB/USDT,4,9,0.05,3.0,3.0,0,0.0,0.0,0.0,0.0,0.0,1000.0
BNB/USDT,4,9,0.05,3.0,4.0,0,0.0,0.0,0.0,0.0,0.0,1000.0
BNB/USDT,4,9,0.05,3.0,5.0,0,0.0,0.0,0.0,0.0,0.0,1000.0
BNB/USDT,4,9,0.1,2.0,3.0,0,0.0,0.0,0.0,0.0,0.0,1000.0
BNB/USDT,4,8,0.05,2.5,5.0,0,0.0,0.0,0.0,0.0,0.0,1000.0
BNB/USDT,4,8,0.05,3.0,3.0,0,0.0,0.0,0.0,0.0,0.0,1000.0
BNB/USDT,4,8,0.05,3.0,4.0,0,0.0,0.0,0.0,0.0,0.0,1000.0
BNB/USDT,4,8,0.05,3.0,5.0,0,0.0,0.0,0.0,0.0,0.0,1000.0
BNB/USDT,4,8,0.1,2.0,3.0,0,0.0,0.0,0.0,0.0,0.0,1000.0
BNB/USDT,4,8,0.1,2.0,4.0,0,0.0,0.0,0.0,0.0,0.0,1000.0
BNB/USDT,4,8,0.1,2.0,5.0,0,0.0,0.0,0.0,0.0,0.0,1000.0
BNB/USDT,4,9,0.1,3.0,5.0,0,0.0,0.0,0.0,0.0,0.0,1000.0
BNB/USDT,4,9,0.15,2.0,3.0,0,0.0,0.0,0.0,0.0,0.0,1000.0
BNB/USDT,4,9,0.15,2.0,4.0,0,0.0,0.0,0.0,0.0,0.0,1000.0
BNB/USDT,4,9,0.15,2.0,5.0,0,0.0,0.0,0.0,0.0,0.0,1000.0
BNB/USDT,4,9,0.15,2.5,3.0,0,0.0,0.0,0.0,0.0,0.0,1000.0
BNB/USDT,4,9,0.15,2.5,4.0,0,0.0,0.0,0.0,0.0,0.0,1000.0
BNB/USDT,4,9,0.15,2.5,5.0,0,0.0,0.0,0.0,0.0,0.0,1000.0
BNB/USDT,4,9,0.15,3.0,3.0,0,0.0,0.0,0.0,0.0,0.0,1000.0
BNB/USDT,4,9,0.15,3.0,4.0,0,0.0,0.0,0.0,0.0,0.0,1000.0
BNB/USDT,4,8,0.15,2.5,3.0,0,0.0,0.0,0.0,0.0,0.0,1000.0
BNB/USDT,4,8,0.15,2.5,4.0,0,0.0,0.0,0.0,0.0,0.0,1000.0
BNB/USDT,4,8,0.15,2.5,5.0,0,0.0,0.0,0.0,0.0,0.0,1000.0
BNB/USDT,4,8,0.15,3.0,3.0,0,0.0,0.0,0.0,0.0,0.0,1000.0
BNB/USDT,4,8,0.15,3.0,4.0,0,0.0,0.0,0.0,0.0,0.0,1000.0
BNB/USDT,4,8,0.15,3.0,5.0,0,0.0,0.0,0.0,0.0,0.0,1000.0
BNB/USDT,4,9,0.05,2.0,3.0,0,0.0,0.0,0.0,0.0,0.0,1000.0
BTC/USDT,2,9,0.1,3.0,3.0,0,0.0,0.0,0.0,0.0,0.0,1000.0
BTC/USDT,2,9,0.1,3.0,4.0,0,0.0,0.0,0.0,0.0,0.0,1000.0
BTC/USDT,2,9,0.1,3.0,5.0,0,0.0,0.0,0.0,0.0,0.0,1000.0
BTC/USDT,2,9,0.05,2.0,3.0,0,0.0,0.0,0.0,0.0,0.0,1000.0
BTC/USDT,2,9,0.05,2.0,4.0,0,0.0,0.0,0.0,0.0,0.0,1000.0
LINK/USDT,4,7,0.15,3.0,5.0,0,0.0,0.0,0.0,0.0,0.0,1000.0
LINK/USDT,4,8,0.05,2.0,3.0,0,0.0,0.0,0.0,0.0,0.0,1000.0
LINK/USDT,4,8,0.05,2.0,4.0,0,0.0,0.0,0.0,0.0,0.0,1000.0
BNB/USDT,4,9,0.15,3.0,5.0,0,0.0,0.0,0.0,0.0,0.0,1000.0
BNB/USDT,4,9,0.1,2.0,4.0,0,0.0,0.0,0.0,0.0,0.0,1000.0
BNB/USDT,4,9,0.1,2.0,5.0,0,0.0,0.0,0.0,0.0,0.0,1000.0
BNB/USDT,4,9,0.1,2.5,3.0,0,0.0,0.0,0.0,0.0,0.0,1000.0
BNB/USDT,4,9,0.1,2.5,4.0,0,0.0,0.0,0.0,0.0,0.0,1000.0
BNB/USDT,4,9,0.1,2.5,5.0,0,0.0,0.0,0.0,0.0,0.0,1000.0
BNB/USDT,4,9,0.1,3.0,3.0,0,0.0,0.0,0.0,0.0,0.0,1000.0
BNB/USDT,4,9,0.1,3.0,4.0,0,0.0,0.0,0.0,0.0,0.0,1000.0
LINK/USDT,4,8,0.05,2.0,5.0,0,0.0,0.0,0.0,0.0,0.0,1000.0
LINK/USDT,4,8,0.05,2.5,3.0,0,0.0,0.0,0.0,0.0,0.0,1000.0
LINK/USDT,4,8,0.05,2.5,4.0,0,0.0,0.0,0.0,0.0,0.0,1000.0
LINK/USDT,4,8,0.05,2.5,5.0,0,0.0,0.0,0.0,0.0,0.0,1000.0
LINK/USDT,4,8,0.05,3.0,3.0,0,0.0,0.0,0.0,0.0,0.0,1000.0
LINK/USDT,4,8,0.05,3.0,4.0,0,0.0,0.0,0.0,0.0,0.0,1000.0
BTC/USDT,2,9,0.15,2.5,4.0,0,0.0,0.0,0.0,0.0,0.0,1000.0
BTC/USDT,2,9,0.15,2.5,5.0,0,0.0,0.0,0.0,0.0,0.0,1000.0
BTC/USDT,2,9,0.15,3.0,3.0,0,0.0,0.0,0.0,0.0,0.0,1000.0
BTC/USDT,2,9,0.15,3.0,4.0,0,0.0,0.0,0.0,0.0,0.0,1000.0
BTC/USDT,2,9,0.15,3.0,5.0,0,0.0,0.0,0.0,0.0,0.0,1000.0
BTC/USDT,2,9,0.05,2.0,5.0,0,0.0,0.0,0.0,0.0,0.0,1000.0
BTC/USDT,2,9,0.05,2.5,3.0,0,0.0,0.0,0.0,0.0,0.0,1000.0
BTC/USDT,2,9,0.05,2.5,4.0,0,0.0,0.0,0.0,0.0,0.0,1000.0
BTC/USDT,2,9,0.05,2.5,5.0,0,0.0,0.0,0.0,0.0,0.0,1000.0
BTC/USDT,2,9,0.05,3.0,3.0,0,0.0,0.0,0.0,0.0,0.0,1000.0
SOL/USDT,2,9,0.05,2.5,5.0,0,0.0,0.0,0.0,0.0,0.0,1000.0
SOL/USDT,2,9,0.05,3.0,3.0,0,0.0,0.0,0.0,0.0,0.0,1000.0
SOL/USDT,2,9,0.05,3.0,4.0,0,0.0,0.0,0.0,0.0,0.0,1000.0
SOL/USDT,2,9,0.05,3.0,5.0,0,0.0,0.0,0.0,0.0,0.0,1000.0
BTC/USDT,2,9,0.05,3.0,4.0,0,0.0,0.0,0.0,0.0,0.0,1000.0
BTC/USDT,2,9,0.05,3.0,5.0,0,0.0,0.0,0.0,0.0,0.0,1000.0
BTC/USDT,2,9,0.1,2.0,3.0,0,0.0,0.0,0.0,0.0,0.0,1000.0
BTC/USDT,2,9,0.1,2.0,4.0,0,0.0,0.0,0.0,0.0,0.0,1000.0
BTC/USDT,2,9,0.1,2.0,5.0,0,0.0,0.0,0.0,0.0,0.0,1000.0
BTC/USDT,2,9,0.1,2.5,3.0,0,0.0,0.0,0.0,0.0,0.0,1000.0
LINK/USDT,4,7,0.1,2.5,5.0,0,0.0,0.0,0.0,0.0,0.0,1000.0
LINK/USDT,4,7,0.1,3.0,3.0,0,0.0,0.0,0.0,0.0,0.0,1000.0
LINK/USDT,4,7,0.1,3.0,4.0,0,0.0,0.0,0.0,0.0,0.0,1000.0
LINK/USDT,4,7,0.1,3.0,5.0,0,0.0,0.0,0.0,0.0,0.0,1000.0
LINK/USDT,4,7,0.15,2.0,3.0,0,0.0,0.0,0.0,0.0,0.0,1000.0
LINK/USDT,4,7,0.15,2.0,4.0,0,0.0,0.0,0.0,0.0,0.0,1000.0
SOL/USDT,2,9,0.15,2.5,3.0,0,0.0,0.0,0.0,0.0,0.0,1000.0
SOL/USDT,2,9,0.15,2.5,4.0,0,0.0,0.0,0.0,0.0,0.0,1000.0
SOL/USDT,2,9,0.15,2.5,5.0,0,0.0,0.0,0.0,0.0,0.0,1000.0
SOL/USDT,2,9,0.15,3.0,3.0,0,0.0,0.0,0.0,0.0,0.0,1000.0
LINK/USDT,4,7,0.15,2.0,5.0,0,0.0,0.0,0.0,0.0,0.0,1000.0
LINK/USDT,4,7,0.15,2.5,3.0,0,0.0,0.0,0.0,0.0,0.0,1000.0
LINK/USDT,4,7,0.15,2.5,4.0,0,0.0,0.0,0.0,0.0,0.0,1000.0
LINK/USDT,4,7,0.15,2.5,5.0,0,0.0,0.0,0.0,0.0,0.0,1000.0
LINK/USDT,4,7,0.15,3.0,3.0,0,0.0,0.0,0.0,0.0,0.0,1000.0
LINK/USDT,4,7,0.15,3.0,4.0,0,0.0,0.0,0.0,0.0,0.0,1000.0
BTC/USDT,2,9,0.15,2.0,3.0,0,0.0,0.0,0.0,0.0,0.0,1000.0
SOL/USDT,2,9,0.05,2.0,3.0,0,0.0,0.0,0.0,0.0,0.0,1000.0
SOL/USDT,2,9,0.05,2.0,4.0,0,0.0,0.0,0.0,0.0,0.0,1000.0
SOL/USDT,2,9,0.05,2.0,5.0,0,0.0,0.0,0.0,0.0,0.0,1000.0
SOL/USDT,2,9,0.05,2.5,3.0,0,0.0,0.0,0.0,0.0,0.0,1000.0
SOL/USDT,2,9,0.05,2.5,4.0,0,0.0,0.0,0.0,0.0,0.0,1000.0
BTC/USDT,2,9,0.15,2.0,4.0,0,0.0,0.0,0.0,0.0,0.0,1000.0
BTC/USDT,2,9,0.15,2.0,5.0,0,0.0,0.0,0.0,0.0,0.0,1000.0
SOL/USDT,2,9,0.15,3.0,4.0,0,0.0,0.0,0.0,0.0,0.0,1000.0
SOL/USDT,2,9,0.15,3.0,5.0,0,0.0,0.0,0.0,0.0,0.0,1000.0
SOL/USDT,2,9,0.1,2.0,3.0,0,0.0,0.0,0.0,0.0,0.0,1000.0
SOL/USDT,2,9,0.1,2.0,4.0,0,0.0,0.0,0.0,0.0,0.0,1000.0
SOL/USDT,2,9,0.1,2.0,5.0,0,0.0,0.0,0.0,0.0,0.0,1000.0
SOL/USDT,2,9,0.1,2.5,3.0,0,0.0,0.0,0.0,0.0,0.0,1000.0
SOL/USDT,2,9,0.1,2.5,4.0,0,0.0,0.0,0.0,0.0,0.0,1000.0
SOL/USDT,2,9,0.1,2.5,5.0,0,0.0,0.0,0.0,0.0,0.0,1000.0
SOL/USDT,2,9,0.1,3.0,3.0,0,0.0,0.0,0.0,0.0,0.0,1000.0
SOL/USDT,2,9,0.1,3.0,4.0,0,0.0,0.0,0.0,0.0,0.0,1000.0
SOL/USDT,2,9,0.1,3.0,5.0,0,0.0,0.0,0.0,0.0,0.0,1000.0
SOL/USDT,2,9,0.15,2.0,3.0,0,0.0,0.0,0.0,0.0,0.0,1000.0
SOL/USDT,2,9,0.15,2.0,4.0,0,0.0,0.0,0.0,0.0,0.0,1000.0
SOL/USDT,2,9,0.15,2.0,5.0,0,0.0,0.0,0.0,0.0,0.0,1000.0
BTC/USDT,2,9,0.15,2.5,3.0,0,0.0,0.0,0.0,0.0,0.0,1000.0
LINK/USDT,3,9,0.15,3.0,4.0,0,0.0,0.0,0.0,0.0,0.0,1000.0
SOL/USDT,3,9,0.15,3.0,3.0,0,0.0,0.0,0.0,0.0,0.0,1000.0
SOL/USDT,3,9,0.15,3.0,4.0,0,0.0,0.0,0.0,0.0,0.0,1000.0
SOL/USDT,3,9,0.15,3.0,5.0,0,0.0,0.0,0.0,0.0,0.0,1000.0
LINK/USDT,3,9,0.15,3.0,5.0,0,0.0,0.0,0.0,0.0,0.0,1000.0
LINK/USDT,4,7,0.05,2.0,3.0,0,0.0,0.0,0.0,0.0,0.0,1000.0
LINK/USDT,4,7,0.05,2.0,4.0,0,0.0,0.0,0.0,0.0,0.0,1000.0
LINK/USDT,4,7,0.05,2.0,5.0,0,0.0,0.0,0.0,0.0,0.0,1000.0
LINK/USDT,4,7,0.05,2.5,3.0,0,0.0,0.0,0.0,0.0,0.0,1000.0
LINK/USDT,4,7,0.05,2.5,4.0,0,0.0,0.0,0.0,0.0,0.0,1000.0
LINK/USDT,4,7,0.05,2.5,5.0,0,0.0,0.0,0.0,0.0,0.0,1000.0
LINK/USDT,4,7,0.05,3.0,3.0,0,0.0,0.0,0.0,0.0,0.0,1000.0
LINK/USDT,4,7,0.05,3.0,4.0,0,0.0,0.0,0.0,0.0,0.0,1000.0
LINK/USDT,4,7,0.05,3.0,5.0,0,0.0,0.0,0.0,0.0,0.0,1000.0
LINK/USDT,4,7,0.1,2.0,3.0,0,0.0,0.0,0.0,0.0,0.0,1000.0
SOL/USDT,3,9,0.1,2.0,3.0,0,0.0,0.0,0.0,0.0,0.0,1000.0
SOL/USDT,3,9,0.1,2.0,4.0,0,0.0,0.0,0.0,0.0,0.0,1000.0
SOL/USDT,3,9,0.1,2.0,5.0,0,0.0,0.0,0.0,0.0,0.0,1000.0
SOL/USDT,3,9,0.1,2.5,3.0,0,0.0,0.0,0.0,0.0,0.0,1000.0
SOL/USDT,3,9,0.1,2.5,4.0,0,0.0,0.0,0.0,0.0,0.0,1000.0
SOL/USDT,3,9,0.1,2.5,5.0,0,0.0,0.0,0.0,0.0,0.0,1000.0
SOL/USDT,3,9,0.1,3.0,3.0,0,0.0,0.0,0.0,0.0,0.0,1000.0
SOL/USDT,3,9,0.1,3.0,4.0,0,0.0,0.0,0.0,0.0,0.0,1000.0
SOL/USDT,3,9,0.1,3.0,5.0,0,0.0,0.0,0.0,0.0,0.0,1000.0
SOL/USDT,3,9,0.15,2.0,3.0,0,0.0,0.0,0.0,0.0,0.0,1000.0
SOL/USDT,3,9,0.15,2.0,4.0,0,0.0,0.0,0.0,0.0,0.0,1000.0
SOL/USDT,3,9,0.15,2.0,5.0,0,0.0,0.0,0.0,0.0,0.0,1000.0
SOL/USDT,3,9,0.15,2.5,3.0,0,0.0,0.0,0.0,0.0,0.0,1000.0
SOL/USDT,3,9,0.15,2.5,4.0,0,0.0,0.0,0.0,0.0,0.0,1000.0
SOL/USDT,3,9,0.15,2.5,5.0,0,0.0,0.0,0.0,0.0,0.0,1000.0
LINK/USDT,4,7,0.1,2.0,4.0,0,0.0,0.0,0.0,0.0,0.0,1000.0
LINK/USDT,4,7,0.1,2.0,5.0,0,0.0,0.0,0.0,0.0,0.0,1000.0
LINK/USDT,4,7,0.1,2.5,3.0,0,0.0,0.0,0.0,0.0,0.0,1000.0
LINK/USDT,4,7,0.1,2.5,4.0,0,0.0,0.0,0.0,0.0,0.0,1000.0
LINK/USDT,3,9,0.1,2.0,3.0,0,0.0,0.0,0.0,0.0,0.0,1000.0
LINK/USDT,3,9,0.1,2.0,4.0,0,0.0,0.0,0.0,0.0,0.0,1000.0
LINK/USDT,3,9,0.1,2.0,5.0,0,0.0,0.0,0.0,0.0,0.0,1000.0
LINK/USDT,3,9,0.1,2.5,3.0,0,0.0,0.0,0.0,0.0,0.0,1000.0
LINK/USDT,3,9,0.1,2.5,4.0,0,0.0,0.0,0.0,0.0,0.0,1000.0
LINK/USDT,3,9,0.1,2.5,5.0,0,0.0,0.0,0.0,0.0,0.0,1000.0
LINK/USDT,3,9,0.1,3.0,3.0,0,0.0,0.0,0.0,0.0,0.0,1000.0
LINK/USDT,3,9,0.1,3.0,4.0,0,0.0,0.0,0.0,0.0,0.0,1000.0
LINK/USDT,3,9,0.1,3.0,5.0,0,0.0,0.0,0.0,0.0,0.0,1000.0
LINK/USDT,3,9,0.15,2.0,3.0,0,0.0,0.0,0.0,0.0,0.0,1000.0
LINK/USDT,3,9,0.15,2.0,4.0,0,0.0,0.0,0.0,0.0,0.0,1000.0
LINK/USDT,3,9,0.15,2.0,5.0,0,0.0,0.0,0.0,0.0,0.0,1000.0
SOL/USDT,3,9,0.05,3.0,5.0,0,0.0,0.0,0.0,0.0,0.0,1000.0
LINK/USDT,3,9,0.15,2.5,3.0,0,0.0,0.0,0.0,0.0,0.0,1000.0
LINK/USDT,4,9,0.05,2.5,5.0,0,0.0,0.0,0.0,0.0,0.0,1000.0
LINK/USDT,4,9,0.05,3.0,3.0,0,0.0,0.0,0.0,0.0,0.0,1000.0
LINK/USDT,4,9,0.05,3.0,4.0,0,0.0,0.0,0.0,0.0,0.0,1000.0
LINK/USDT,4,9,0.05,3.0,5.0,0,0.0,0.0,0.0,0.0,0.0,1000.0
LINK/USDT,4,9,0.1,2.0,3.0,0,0.0,0.0,0.0,0.0,0.0,1000.0
LINK/USDT,4,9,0.1,2.0,4.0,0,0.0,0.0,0.0,0.0,0.0,1000.0
LINK/USDT,4,9,0.1,2.0,5.0,0,0.0,0.0,0.0,0.0,0.0,1000.0
LINK/USDT,4,9,0.1,2.5,3.0,0,0.0,0.0,0.0,0.0,0.0,1000.0
LINK/USDT,4,9,0.1,2.5,4.0,0,0.0,0.0,0.0,0.0,0.0,1000.0
LINK/USDT,4,9,0.1,2.5,5.0,0,0.0,0.0,0.0,0.0,0.0,1000.0
LINK/USDT,4,9,0.1,3.0,3.0,0,0.0,0.0,0.0,0.0,0.0,1000.0
LINK/USDT,4,9,0.1,3.0,4.0,0,0.0,0.0,0.0,0.0,0.0,1000.0
LINK/USDT,4,9,0.1,3.0,5.0,0,0.0,0.0,0.0,0.0,0.0,1000.0
LINK/USDT,4,9,0.15,2.0,3.0,0,0.0,0.0,0.0,0.0,0.0,1000.0
LINK/USDT,4,9,0.05,2.5,4.0,0,0.0,0.0,0.0,0.0,0.0,1000.0
LINK/USDT,4,8,0.15,2.5,5.0,0,0.0,0.0,0.0,0.0,0.0,1000.0
LINK/USDT,4,8,0.1,2.0,3.0,0,0.0,0.0,0.0,0.0,0.0,1000.0
LINK/USDT,4,8,0.1,2.0,4.0,0,0.0,0.0,0.0,0.0,0.0,1000.0
LINK/USDT,4,8,0.1,2.0,5.0,0,0.0,0.0,0.0,0.0,0.0,1000.0
LINK/USDT,4,8,0.1,2.5,3.0,0,0.0,0.0,0.0,0.0,0.0,1000.0
LINK/USDT,4,8,0.1,2.5,4.0,0,0.0,0.0,0.0,0.0,0.0,1000.0
LINK/USDT,4,8,0.1,2.5,5.0,0,0.0,0.0,0.0,0.0,0.0,1000.0
LINK/USDT,4,8,0.1,3.0,3.0,0,0.0,0.0,0.0,0.0,0.0,1000.0
LINK/USDT,4,8,0.1,3.0,4.0,0,0.0,0.0,0.0,0.0,0.0,1000.0
LINK/USDT,4,8,0.1,3.0,5.0,0,0.0,0.0,0.0,0.0,0.0,1000.0
LINK/USDT,4,8,0.15,2.0,3.0,0,0.0,0.0,0.0,0.0,0.0,1000.0
LINK/USDT,4,8,0.15,2.0,4.0,0,0.0,0.0,0.0,0.0,0.0,1000.0
LINK/USDT,4,8,0.15,2.0,5.0,0,0.0,0.0,0.0,0.0,0.0,1000.0
LINK/USDT,4,8,0.15,2.5,3.0,0,0.0,0.0,0.0,0.0,0.0,1000.0
LINK/USDT,4,8,0.15,2.5,4.0,0,0.0,0.0,0.0,0.0,0.0,1000.0
LINK/USDT,4,9,0.15,3.0,4.0,0,0.0,0.0,0.0,0.0,0.0,1000.0
ETH/USDT,3,7,0.05,2.5,5.0,58,44.827586206896555,-0.014389498437799374,-0.02293363290014926,0.9960699023038222,-20.448857443423933,999.856105015622
ETH/USDT,2,7,0.05,2.5,5.0,58,44.827586206896555,-0.014389498437799374,-0.02293363290014926,0.9960699023038222,-20.448857443423933,999.856105015622
ETH/USDT,2,7,0.05,3.0,5.0,58,44.827586206896555,-0.01537620962985784,-0.024457441327163723,0.9958007900094283,-20.764253755591742,999.8462379037014
ETH/USDT,3,7,0.05,3.0,5.0,58,44.827586206896555,-0.01537620962985784,-0.024457441327163723,0.9958007900094283,-20.764253755591742,999.8462379037014
BTC/USDT,3,8,0.05,2.0,4.0,1,0.0,-0.036975265730393406,0.0,0.0,0.0,999.6302473426961
BTC/USDT,4,7,0.05,2.5,3.0,1,0.0,-0.036975265730393406,0.0,0.0,0.0,999.6302473426961
BTC/USDT,4,7,0.05,2.0,5.0,1,0.0,-0.036975265730393406,0.0,0.0,0.0,999.6302473426961
BTC/USDT,4,7,0.05,2.0,3.0,1,0.0,-0.036975265730393406,0.0,0.0,0.0,999.6302473426961
BTC/USDT,4,7,0.05,2.5,4.0,1,0.0,-0.036975265730393406,0.0,0.0,0.0,999.6302473426961
BTC/USDT,4,7,0.05,2.5,5.0,1,0.0,-0.036975265730393406,0.0,0.0,0.0,999.6302473426961
BTC/USDT,4,7,0.05,2.0,4.0,1,0.0,-0.036975265730393406,0.0,0.0,0.0,999.6302473426961
BTC/USDT,3,8,0.05,2.0,3.0,1,0.0,-0.036975265730393406,0.0,0.0,0.0,999.6302473426961
BTC/USDT,3,8,0.05,2.5,5.0,1,0.0,-0.036975265730393406,0.0,0.0,0.0,999.6302473426961
BTC/USDT,3,8,0.05,2.0,5.0,1,0.0,-0.036975265730393406,0.0,0.0,0.0,999.6302473426961
BTC/USDT,3,8,0.05,2.5,4.0,1,0.0,-0.036975265730393406,0.0,0.0,0.0,999.6302473426961
BTC/USDT,3,8,0.05,2.5,3.0,1,0.0,-0.036975265730393406,0.0,0.0,0.0,999.6302473426961
BTC/USDT,2,8,0.05,2.5,3.0,1,0.0,-0.036975265730393406,0.0,0.0,0.0,999.6302473426961
BTC/USDT,2,8,0.05,2.0,5.0,1,0.0,-0.036975265730393406,0.0,0.0,0.0,999.6302473426961
BTC/USDT,2,8,0.05,2.0,4.0,1,0.0,-0.036975265730393406,0.0,0.0,0.0,999.6302473426961
BTC/USDT,2,8,0.05,2.0,3.0,1,0.0,-0.036975265730393406,0.0,0.0,0.0,999.6302473426961
BTC/USDT,4,8,0.05,2.0,3.0,1,0.0,-0.036975265730393406,0.0,0.0,0.0,999.6302473426961
BTC/USDT,4,8,0.05,3.0,4.0,1,0.0,-0.036975265730393406,0.0,0.0,0.0,999.6302473426961
BTC/USDT,4,8,0.05,3.0,3.0,1,0.0,-0.036975265730393406,0.0,0.0,0.0,999.6302473426961
BTC/USDT,4,8,0.05,2.5,5.0,1,0.0,-0.036975265730393406,0.0,0.0,0.0,999.6302473426961
BTC/USDT,4,8,0.05,3.0,5.0,1,0.0,-0.036975265730393406,0.0,0.0,0.0,999.6302473426961
BTC/USDT,4,8,0.05,2.5,4.0,1,0.0,-0.036975265730393406,0.0,0.0,0.0,999.6302473426961
BTC/USDT,4,8,0.05,2.0,5.0,1,0.0,-0.036975265730393406,0.0,0.0,0.0,999.6302473426961
BTC/USDT,4,8,0.05,2.0,4.0,1,0.0,-0.036975265730393406,0.0,0.0,0.0,999.6302473426961
BTC/USDT,4,8,0.05,2.5,3.0,1,0.0,-0.036975265730393406,0.0,0.0,0.0,999.6302473426961
BTC/USDT,4,7,0.05,3.0,4.0,1,0.0,-0.036975265730393406,0.0,0.0,0.0,999.6302473426961
BTC/USDT,4,7,0.05,3.0,5.0,1,0.0,-0.036975265730393406,0.0,0.0,0.0,999.6302473426961
BTC/USDT,2,8,0.05,2.5,4.0,1,0.0,-0.036975265730393406,0.0,0.0,0.0,999.6302473426961
BTC/USDT,2,8,0.05,3.0,5.0,1,0.0,-0.036975265730393406,0.0,0.0,0.0,999.6302473426961
BTC/USDT,2,8,0.05,2.5,5.0,1,0.0,-0.036975265730393406,0.0,0.0,0.0,999.6302473426961
BTC/USDT,2,8,0.05,3.0,3.0,1,0.0,-0.036975265730393406,0.0,0.0,0.0,999.6302473426961
BTC/USDT,2,8,0.05,3.0,4.0,1,0.0,-0.036975265730393406,0.0,0.0,0.0,999.6302473426961
BTC/USDT,3,8,0.05,3.0,4.0,1,0.0,-0.036975265730393406,0.0,0.0,0.0,999.6302473426961
BTC/USDT,3,8,0.05,3.0,3.0,1,0.0,-0.036975265730393406,0.0,0.0,0.0,999.6302473426961
BTC/USDT,3,8,0.05,3.0,5.0,1,0.0,-0.036975265730393406,0.0,0.0,0.0,999.6302473426961
BTC/USDT,4,7,0.05,3.0,3.0,1,0.0,-0.036975265730393406,0.0,0.0,0.0,999.6302473426961
BTC/USDT,3,8,0.1,3.0,4.0,1,0.0,-0.07395053146078681,0.0,0.0,0.0,999.2604946853921
BTC/USDT,3,8,0.1,3.0,3.0,1,0.0,-0.07395053146078681,0.0,0.0,0.0,999.2604946853921
BTC/USDT,3,8,0.1,2.5,3.0,1,0.0,-0.07395053146078681,0.0,0.0,0.0,999.2604946853921
BTC/USDT,3,8,0.1,2.0,3.0,1,0.0,-0.07395053146078681,0.0,0.0,0.0,999.2604946853921
BTC/USDT,3,8,0.1,2.0,5.0,1,0.0,-0.07395053146078681,0.0,0.0,0.0,999.2604946853921
BTC/USDT,2,8,0.1,3.0,5.0,1,0.0,-0.07395053146078681,0.0,0.0,0.0,999.2604946853921
BTC/USDT,2,8,0.1,3.0,3.0,1,0.0,-0.07395053146078681,0.0,0.0,0.0,999.2604946853921
BTC/USDT,3,8,0.1,2.5,4.0,1,0.0,-0.07395053146078681,0.0,0.0,0.0,999.2604946853921
BTC/USDT,3,8,0.1,3.0,5.0,1,0.0,-0.07395053146078681,0.0,0.0,0.0,999.2604946853921
BTC/USDT,3,8,0.1,2.5,5.0,1,0.0,-0.07395053146078681,0.0,0.0,0.0,999.2604946853921
BTC/USDT,3,8,0.1,2.0,4.0,1,0.0,-0.07395053146078681,0.0,0.0,0.0,999.2604946853921
BTC/USDT,2,8,0.1,2.5,5.0,1,0.0,-0.07395053146078681,0.0,0.0,0.0,999.2604946853921
BTC/USDT,2,8,0.1,2.0,4.0,1,0.0,-0.07395053146078681,0.0,0.0,0.0,999.2604946853921
BTC/USDT,2,8,0.1,2.0,3.0,1,0.0,-0.07395053146078681,0.0,0.0,0.0,999.2604946853921
BTC/USDT,2,8,0.1,2.0,5.0,1,0.0,-0.07395053146078681,0.0,0.0,0.0,999.2604946853921
BTC/USDT,2,8,0.1,2.5,3.0,1,0.0,-0.07395053146078681,0.0,0.0,0.0,999.2604946853921
BTC/USDT,4,8,0.1,3.0,4.0,1,0.0,-0.07395053146078681,0.0,0.0,0.0,999.2604946853921
BTC/USDT,4,8,0.1,3.0,3.0,1,0.0,-0.07395053146078681,0.0,0.0,0.0,999.2604946853921
BTC/USDT,4,8,0.1,3.0,5.0,1,0.0,-0.07395053146078681,0.0,0.0,0.0,999.2604946853921
BTC/USDT,4,8,0.1,2.5,4.0,1,0.0,-0.07395053146078681,0.0,0.0,0.0,999.2604946853921
BTC/USDT,4,8,0.1,2.5,3.0,1,0.0,-0.07395053146078681,0.0,0.0,0.0,999.2604946853921
BTC/USDT,4,8,0.1,2.5,5.0,1,0.0,-0.07395053146078681,0.0,0.0,0.0,999.2604946853921
BTC/USDT,4,8,0.1,2.0,5.0,1,0.0,-0.07395053146078681,0.0,0.0,0.0,999.2604946853921
BTC/USDT,4,8,0.1,2.0,4.0,1,0.0,-0.07395053146078681,0.0,0.0,0.0,999.2604946853921
BTC/USDT,4,7,0.1,2.5,4.0,1,0.0,-0.07395053146078681,0.0,0.0,0.0,999.2604946853921
BTC/USDT,4,7,0.1,2.5,5.0,1,0.0,-0.07395053146078681,0.0,0.0,0.0,999.2604946853921
BTC/USDT,4,7,0.1,3.0,3.0,1,0.0,-0.07395053146078681,0.0,0.0,0.0,999.2604946853921
BTC/USDT,4,7,0.1,3.0,5.0,1,0.0,-0.07395053146078681,0.0,0.0,0.0,999.2604946853921
BTC/USDT,4,7,0.1,3.0,4.0,1,0.0,-0.07395053146078681,0.0,0.0,0.0,999.2604946853921
BTC/USDT,4,8,0.1,2.0,3.0,1,0.0,-0.07395053146078681,0.0,0.0,0.0,999.2604946853921
BTC/USDT,4,7,0.1,2.0,4.0,1,0.0,-0.07395053146078681,0.0,0.0,0.0,999.2604946853921
BTC/USDT,2,8,0.1,2.5,4.0,1,0.0,-0.07395053146078681,0.0,0.0,0.0,999.2604946853921
BTC/USDT,2,8,0.1,3.0,4.0,1,0.0,-0.07395053146078681,0.0,0.0,0.0,999.2604946853921
BTC/USDT,4,7,0.1,2.5,3.0,1,0.0,-0.07395053146078681,0.0,0.0,0.0,999.2604946853921
BTC/USDT,4,7,0.1,2.0,3.0,1,0.0,-0.07395053146078681,0.0,0.0,0.0,999.2604946853921
BTC/USDT,4,7,0.1,2.0,5.0,1,0.0,-0.07395053146078681,0.0,0.0,0.0,999.2604946853921
ETH/USDT,2,7,0.1,2.5,5.0,58,44.827586206896555,-0.08744179931278495,-0.07006438600183326,0.9880811758455579,-40.94835052736083,999.1255820068722
ETH/USDT,3,7,0.1,2.5,5.0,58,44.827586206896555,-0.08744179931278495,-0.07006438600183326,0.9880811758455579,-40.94835052736083,999.1255820068722
ETH/USDT,3,7,0.1,3.0,5.0,58,44.827586206896555,-0.09021414803082735,-0.07215479524739175,0.9877035419732871,-41.57951352764911,999.0978585196917
ETH/USDT,2,7,0.1,3.0,5.0,58,44.827586206896555,-0.09021414803082735,-0.07215479524739175,0.9877035419732871,-41.57951352764911,999.0978585196917
BTC/USDT,2,8,0.15,2.0,4.0,1,0.0,-0.11092579719118022,0.0,0.0,0.0,998.8907420280882
BTC/USDT,2,8,0.15,2.0,5.0,1,0.0,-0.11092579719118022,0.0,0.0,0.0,998.8907420280882
BTC/USDT,2,8,0.15,3.0,5.0,1,0.0,-0.11092579719118022,0.0,0.0,0.0,998.8907420280882
BTC/USDT,2,8,0.15,2.0,3.0,1,0.0,-0.11092579719118022,0.0,0.0,0.0,998.8907420280882
BTC/USDT,4,7,0.15,2.5,3.0,1,0.0,-0.11092579719118022,0.0,0.0,0.0,998.8907420280882
BTC/USDT,3,8,0.15,2.0,3.0,1,0.0,-0.11092579719118022,0.0,0.0,0.0,998.8907420280882
BTC/USDT,3,8,0.15,2.0,5.0,1,0.0,-0.11092579719118022,0.0,0.0,0.0,998.8907420280882
BTC/USDT,3,8,0.15,2.0,4.0,1,0.0,-0.11092579719118022,0.0,0.0,0.0,998.8907420280882
BTC/USDT,3,8,0.15,3.0,3.0,1,0.0,-0.11092579719118022,0.0,0.0,0.0,998.8907420280882
BTC/USDT,3,8,0.15,2.5,5.0,1,0.0,-0.11092579719118022,0.0,0.0,0.0,998.8907420280882
BTC/USDT,3,8,0.15,2.5,4.0,1,0.0,-0.11092579719118022,0.0,0.0,0.0,998.8907420280882
BTC/USDT,3,8,0.15,2.5,3.0,1,0.0,-0.11092579719118022,0.0,0.0,0.0,998.8907420280882
BTC/USDT,3,8,0.15,3.0,5.0,1,0.0,-0.11092579719118022,0.0,0.0,0.0,998.8907420280882
BTC/USDT,3,8,0.15,3.0,4.0,1,0.0,-0.11092579719118022,0.0,0.0,0.0,998.8907420280882
BTC/USDT,2,8,0.15,2.5,3.0,1,0.0,-0.11092579719118022,0.0,0.0,0.0,998.8907420280882
BTC/USDT,2,8,0.15,2.5,4.0,1,0.0,-0.11092579719118022,0.0,0.0,0.0,998.8907420280882
BTC/USDT,2,8,0.15,2.5,5.0,1,0.0,-0.11092579719118022,0.0,0.0,0.0,998.8907420280882
BTC/USDT,2,8,0.15,3.0,3.0,1,0.0,-0.11092579719118022,0.0,0.0,0.0,998.8907420280882
BTC/USDT,2,8,0.15,3.0,4.0,1,0.0,-0.11092579719118022,0.0,0.0,0.0,998.8907420280882
BTC/USDT,4,7,0.15,2.0,4.0,1,0.0,-0.11092579719118022,0.0,0.0,0.0,998.8907420280882
BTC/USDT,4,8,0.15,3.0,5.0,1,0.0,-0.11092579719118022,0.0,0.0,0.0,998.8907420280882
BTC/USDT,4,7,0.15,2.5,4.0,1,0.0,-0.11092579719118022,0.0,0.0,0.0,998.8907420280882
BTC/USDT,4,7,0.15,2.5,5.0,1,0.0,-0.11092579719118022,0.0,0.0,0.0,998.8907420280882
BTC/USDT,4,7,0.15,3.0,3.0,1,0.0,-0.11092579719118022,0.0,0.0,0.0,998.8907420280882
BTC/USDT,4,7,0.15,3.0,4.0,1,0.0,-0.11092579719118022,0.0,0.0,0.0,998.8907420280882
BTC/USDT,4,7,0.15,3.0,5.0,1,0.0,-0.11092579719118022,0.0,0.0,0.0,998.8907420280882
BTC/USDT,4,7,0.15,2.0,3.0,1,0.0,-0.11092579719118022,0.0,0.0,0.0,998.8907420280882
BTC/USDT,4,7,0.15,2.0,5.0,1,0.0,-0.11092579719118022,0.0,0.0,0.0,998.8907420280882
BTC/USDT,4,8,0.15,3.0,4.0,1,0.0,-0.11092579719118022,0.0,0.0,0.0,998.8907420280882
BTC/USDT,4,8,0.15,3.0,3.0,1,0.0,-0.11092579719118022,0.0,0.0,0.0,998.8907420280882
BTC/USDT,4,8,0.15,2.5,5.0,1,0.0,-0.11092579719118022,0.0,0.0,0.0,998.8907420280882
BTC/USDT,4,8,0.15,2.5,4.0,1,0.0,-0.11092579719118022,0.0,0.0,0.0,998.8907420280882
BTC/USDT,4,8,0.15,2.5,3.0,1,0.0,-0.11092579719118022,0.0,0.0,0.0,998.8907420280882
BTC/USDT,4,8,0.15,2.0,5.0,1,0.0,-0.11092579719118022,0.0,0.0,0.0,998.8907420280882
BTC/USDT,4,8,0.15,2.0,4.0,1,0.0,-0.11092579719118022,0.0,0.0,0.0,998.8907420280882
BTC/USDT,4,8,0.15,2.0,3.0,1,0.0,-0.11092579719118022,0.0,0.0,0.0,998.8907420280882
ETH/USDT,3,7,0.15,2.5,5.0,58,44.827586206896555,-0.2177592230994151,-0.11696805415844584,0.9802459251096665,-61.4954166740308,997.8224077690058
ETH/USDT,2,7,0.15,2.5,5.0,58,44.827586206896555,-0.2177592230994151,-0.11696805415844584,0.9802459251096665,-61.4954166740308,997.8224077690058
ETH/USDT,3,7,0.15,3.0,5.0,58,44.827586206896555,-0.22312197947371715,-0.1196530395497882,0.9797584506873882,-62.44248710923826,997.7687802052628
ETH/USDT,2,7,0.15,3.0,5.0,58,44.827586206896555,-0.22312197947371715,-0.1196530395497882,0.9797584506873882,-62.44248710923826,997.7687802052628
BTC/USDT,2,7,0.05,2.5,3.0,52,28.846153846153843,-1.2705509035393447,-4.072956452256536,0.5330476505054628,-20.79034089699014,987.2944909646066
BTC/USDT,3,7,0.05,2.5,3.0,52,28.846153846153843,-1.2705509035393447,-4.072956452256536,0.5330476505054628,-20.79034089699014,987.2944909646066
BTC/USDT,3,7,0.05,2.5,4.0,49,30.612244897959183,-1.3038621714677106,-4.5027805422201235,0.47058742862476194,-22.05579333142014,986.9613782853229
BTC/USDT,2,7,0.05,2.5,4.0,49,30.612244897959183,-1.3038621714677106,-4.5027805422201235,0.47058742862476194,-22.05579333142014,986.9613782853229
BTC/USDT,2,7,0.05,2.0,3.0,52,28.846153846153843,-1.310508741236015,-4.208431737700849,0.5252217958078581,-20.360099716969387,986.8949125876399
BTC/USDT,3,7,0.05,2.0,3.0,52,28.846153846153843,-1.310508741236015,-4.208431737700849,0.5252217958078581,-20.360099716969387,986.8949125876399
BTC/USDT,3,7,0.05,3.0,3.0,52,28.846153846153843,-1.3216960611101514,-4.1993060508641,0.5231827714267762,-21.301362845044395,986.7830393888985
BTC/USDT,2,7,0.05,3.0,3.0,52,28.846153846153843,-1.3216960611101514,-4.1993060508641,0.5231827714267762,-21.301362845044395,986.7830393888985
BTC/USDT,3,7,0.05,3.0,4.0,49,30.612244897959183,-1.341753482895126,-4.600926890717738,0.46342784084891814,-22.433647101090184,986.5824651710487
BTC/USDT,2,7,0.05,3.0,4.0,49,30.612244897959183,-1.341753482895126,-4.600926890717738,0.46342784084891814,-22.433647101090184,986.5824651710487
BTC/USDT,2,7,0.05,2.0,4.0,49,30.612244897959183,-1.3584235951967913,-4.6902523626640376,0.46031482445066635,-22.599882170205085,986.4157640480321
BTC/USDT,3,7,0.05,2.0,4.0,49,30.612244897959183,-1.3584235951967913,-4.6902523626640376,0.46031482445066635,-22.599882170205085,986.4157640480321
BNB/USDT,3,7,0.05,2.0,3.0,55,25.454545454545453,-1.3969070114294482,-4.6262011262650695,0.5030668350316817,-16.45603043383717,986.0309298857055
BNB/USDT,2,7,0.05,2.0,3.0,55,25.454545454545453,-1.3969070114294482,-4.6262011262650695,0.5030668350316817,-16.45603043383717,986.0309298857055
BNB/USDT,2,7,0.05,2.5,3.0,55,25.454545454545453,-1.4527967860737705,-4.7714870541252,0.4932335030285478,-17.014928180280275,985.4720321392623
BNB/USDT,3,7,0.05,2.5,3.0,55,25.454545454545453,-1.4527967860737705,-4.7714870541252,0.4932335030285478,-17.014928180280275,985.4720321392623
BNB/USDT,3,7,0.05,3.0,3.0,55,25.454545454545453,-1.5434217613042394,-4.941134371868144,0.478047167170914,-17.921177932584676,984.5657823869576
BNB/USDT,2,7,0.05,3.0,3.0,55,25.454545454545453,-1.5434217613042394,-4.941134371868144,0.478047167170914,-17.921177932584676,984.5657823869576
BTC/USDT,2,7,0.05,2.5,5.0,49,30.612244897959183,-1.551039818414472,-6.081352822983115,0.36806303925116984,-22.76595788291453,984.4896018158553
BTC/USDT,3,7,0.05,2.5,5.0,49,30.612244897959183,-1.551039818414472,-6.081352822983115,0.36806303925116984,-22.76595788291453,984.4896018158553
BTC/USDT,3,7,0.05,3.0,5.0,49,30.612244897959183,-1.588836233674681,-6.177203413782594,0.36243747104271445,-23.14221742182337,984.1116376632532
BTC/USDT,2,7,0.05,3.0,5.0,49,30.612244897959183,-1.588836233674681,-6.177203413782594,0.36243747104271445,-23.14221742182337,984.1116376632532
BTC/USDT,2,7,0.05,2.0,5.0,49,30.612244897959183,-1.605464596833724,-6.298767769288866,0.35997896032872617,-23.30775111627419,983.9453540316628
BTC/USDT,3,7,0.05,2.0,5.0,49,30.612244897959183,-1.605464596833724,-6.298767769288866,0.35997896032872617,-23.30775111627419,983.9453540316628
BNB/USDT,3,7,0.05,2.0,4.0,55,25.454545454545453,-1.6135291632226652,-5.523446826839182,0.42535102140455056,-18.474124764220175,983.8647083677733
BNB/USDT,2,7,0.05,2.0,4.0,55,25.454545454545453,-1.6135291632226652,-5.523446826839182,0.42535102140455056,-18.474124764220175,983.8647083677733
BNB/USDT,2,7,0.05,2.5,4.0,55,25.454545454545453,-1.669294853505596,-5.66716269893965,0.4170450856308583,-19.031781667049472,983.307051464944
BNB/USDT,3,7,0.05,2.5,4.0,55,25.454545454545453,-1.669294853505596,-5.66716269893965,0.4170450856308583,-19.031781667049472,983.307051464944
BNB/USDT,3,7,0.05,2.0,5.0,55,25.454545454545453,-1.6756977964587465,-5.707221024662802,0.40335715595523475,-19.660051534736212,983.2430220354125
BNB/USDT,2,7,0.05,2.0,5.0,55,25.454545454545453,-1.6756977964587465,-5.707221024662802,0.40335715595523475,-19.660051534736212,983.2430220354125
BNB/USDT,2,7,0.05,2.5,5.0,55,25.454545454545453,-1.7314112784473195,-5.849553553883116,0.39549647036415964,-20.217186354621916,982.6858872155268
BNB/USDT,3,7,0.05,2.5,5.0,55,25.454545454545453,-1.7314112784473195,-5.849553553883116,0.39549647036415964,-20.217186354621916,982.6858872155268
BNB/USDT,3,7,0.05,3.0,4.0,55,25.454545454545453,-1.7597197822725206,-5.818577127391324,0.4042183909227628,-19.936030954718543,982.4028021772748
BNB/USDT,2,7,0.05,3.0,4.0,55,25.454545454545453,-1.7597197822725206,-5.818577127391324,0.4042183909227628,-19.936030954718543,982.4028021772748
BNB/USDT,2,7,0.05,3.0,5.0,55,25.454545454545453,-1.821779084942102,-5.996987018468752,0.38336018953610024,-21.120864419569436,981.782209150579
BNB/USDT,3,7,0.05,3.0,5.0,55,25.454545454545453,-1.821779084942102,-5.996987018468752,0.38336018953610024,-21.120864419569436,981.782209150579
LINK/USDT,2,7,0.05,2.5,4.0,49,28.57142857142857,-2.0004168369042987,-4.354980348782205,0.49532814163570055,-27.183560237178316,979.995831630957
LINK/USDT,3,7,0.05,2.5,4.0,49,28.57142857142857,-2.0004168369042987,-4.354980348782205,0.49532814163570055,-27.183560237178316,979.995831630957
LINK/USDT,3,7,0.05,2.0,4.0,50,28.000000000000004,-2.0589765625336898,-4.445013525285151,0.4882733625814779,-27.78145784109165,979.4102343746631
LINK/USDT,2,7,0.05,2.0,4.0,50,28.000000000000004,-2.0589765625336898,-4.445013525285151,0.4882733625814779,-27.78145784109165,979.4102343746631
LINK/USDT,2,7,0.05,2.0,5.0,48,29.166666666666668,-2.0667603541164907,-4.852917292044173,0.4566317504300827,-25.849005560594563,979.3323964588351
LINK/USDT,3,7,0.05,2.0,5.0,48,29.166666666666668,-2.0667603541164907,-4.852917292044173,0.4566317504300827,-25.849005560594563,979.3323964588351
LINK/USDT,2,7,0.05,2.5,5.0,47,29.78723404255319,-2.124938226570214,-5.142005558413253,0.43241237213168376,-25.250980327265424,978.7506177342979
LINK/USDT,3,7,0.05,2.5,5.0,47,29.78723404255319,-2.124938226570214,-5.142005558413253,0.43241237213168376,-25.250980327265424,978.7506177342979
LINK/USDT,3,7,0.05,3.0,4.0,49,28.57142857142857,-2.235829290647564,-4.64615889742592,0.46720512477109083,-29.525907670278006,977.6417070935244
LINK/USDT,2,7,0.05,3.0,4.0,49,28.57142857142857,-2.235829290647564,-4.64615889742592,0.46720512477109083,-29.525907670278006,977.6417070935244
LINK/USDT,3,7,0.05,2.5,3.0,49,28.57142857142857,-2.2952748192538253,-5.515721714494133,0.4206964362751872,-28.666271226236532,977.0472518074617
LINK/USDT,2,7,0.05,2.5,3.0,49,28.57142857142857,-2.2952748192538253,-5.515721714494133,0.4206964362751872,-28.666271226236532,977.0472518074617
LINK/USDT,2,7,0.05,3.0,5.0,47,29.78723404255319,-2.3600515577566283,-5.413060036407074,0.406469030678651,-27.593827766440647,976.3994844224337
LINK/USDT,3,7,0.05,3.0,5.0,47,29.78723404255319,-2.3600515577566283,-5.413060036407074,0.406469030678651,-27.593827766440647,976.3994844224337
LINK/USDT,2,7,0.05,2.0,3.0,50,28.000000000000004,-2.367206632939883,-5.65721470512859,0.41140622530938814,-29.262995334136015,976.3279336706012
LINK/USDT,3,7,0.05,2.0,3.0,50,28.000000000000004,-2.367206632939883,-5.65721470512859,0.41140622530938814,-29.262995334136015,976.3279336706012
LINK/USDT,2,7,0.05,3.0,3.0,49,28.57142857142857,-2.5299789716054875,-5.753435898773397,0.3968854569004172,-31.00402132467925,974.7002102839451
LINK/USDT,3,7,0.05,3.0,3.0,49,28.57142857142857,-2.5299789716054875,-5.753435898773397,0.3968854569004172,-31.00402132467925,974.7002102839451
BTC/USDT,2,7,0.1,2.5,3.0,52,28.846153846153843,-2.5383048270263657,-4.076846188677092,0.5325923873184875,-41.528934595278606,974.6169517297363
BTC/USDT,3,7,0.1,2.5,3.0,52,28.846153846153843,-2.5383048270263657,-4.076846188677092,0.5325923873184875,-41.528934595278606,974.6169517297363
BTC/USDT,3,7,0.1,2.5,4.0,49,30.612244897959183,-2.6023196873291,-4.506944599749979,0.4700611649700279,-43.97933797822084,973.976803126709
BTC/USDT,2,7,0.1,2.5,4.0,49,30.612244897959183,-2.6023196873291,-4.506944599749979,0.4700611649700279,-43.97933797822084,973.976803126709
BTC/USDT,2,7,0.1,2.0,3.0,52,28.846153846153843,-2.61715022684341,-4.2125861082317,0.5247477980368284,-40.64335899629704,973.8284977315659
BTC/USDT,3,7,0.1,2.0,3.0,52,28.846153846153843,-2.61715022684341,-4.2125861082317,0.5247477980368284,-40.64335899629704,973.8284977315659
BTC/USDT,3,7,0.1,3.0,3.0,52,28.846153846153843,-2.6400604391503406,-4.203141940630421,0.5227363231874974,-42.544782754884366,973.5993956084966
BTC/USDT,2,7,0.1,3.0,3.0,52,28.846153846153843,-2.6400604391503406,-4.203141940630421,0.5227363231874974,-42.544782754884366,973.5993956084966
BTC/USDT,2,7,0.1,3.0,4.0,49,30.612244897959183,-2.6773515282012452,-4.605115953276073,0.46292891355411225,-44.72546589011395,973.2264847179875
BTC/USDT,3,7,0.1,3.0,4.0,49,30.612244897959183,-2.6773515282012452,-4.605115953276073,0.46292891355411225,-44.72546589011395,973.2264847179875
BTC/USDT,3,7,0.1,2.0,4.0,49,30.612244897959183,-2.7101043032319807,-4.693869449340243,0.4598190670004475,-45.051164411679494,972.8989569676802
BTC/USDT,2,7,0.1,2.0,4.0,49,30.612244897959183,-2.7101043032319807,-4.693869449340243,0.4598190670004475,-45.051164411679494,972.8989569676802
BNB/USDT,2,7,0.1,2.0,3.0,55,25.454545454545453,-2.7830604769164777,-4.626915944306815,0.5028476552486507,-32.77780085919681,972.1693952308352
BNB/USDT,3,7,0.1,2.0,3.0,55,25.454545454545453,-2.7830604769164777,-4.626915944306815,0.5028476552486507,-32.77780085919681,972.1693952308352
BNB/USDT,3,7,0.1,2.5,3.0,55,25.454545454545453,-2.8940386460563787,-4.772086916055317,0.4930201090889688,-33.88758255059606,971.0596135394362
BNB/USDT,2,7,0.1,2.5,3.0,55,25.454545454545453,-2.8940386460563787,-4.772086916055317,0.4930201090889688,-33.88758255059606,971.0596135394362
BNB/USDT,2,7,0.1,3.0,3.0,55,25.454545454545453,-3.073515021114588,-4.941349464450189,0.4778477532208132,-35.68234630117847,969.2648497888541
BNB/USDT,3,7,0.1,3.0,3.0,55,25.454545454545453,-3.073515021114588,-4.941349464450189,0.4778477532208132,-35.68234630117847,969.2648497888541
BTC/USDT,3,7,0.1,2.5,5.0,49,30.612244897959183,-3.0870195367276554,-6.100886293148478,0.3670523727268572,-45.22125900058126,969.1298046327234
BTC/USDT,2,7,0.1,2.5,5.0,49,30.612244897959183,-3.0870195367276554,-6.100886293148478,0.3670523727268572,-45.22125900058126,969.1298046327234
BTC/USDT,2,7,0.1,3.0,5.0,49,30.612244897959183,-3.1616779814177334,-6.1975867825318325,0.3614317674165757,-45.961126106757824,968.3832201858227
BTC/USDT,3,7,0.1,3.0,5.0,49,30.612244897959183,-3.1616779814177334,-6.1975867825318325,0.3614317674165757,-45.961126106757824,968.3832201858227
BTC/USDT,3,7,0.1,2.0,5.0,49,30.612244897959183,-3.194267762164918,-6.319236585157283,0.35895596695168747,-46.284091671771016,968.0573223783508
BTC/USDT,2,7,0.1,2.0,5.0,49,30.612244897959183,-3.194267762164918,-6.319236585157283,0.35895596695168747,-46.284091671771016,968.0573223783508
BNB/USDT,2,7,0.1,2.0,4.0,55,25.454545454545453,-3.2101760242045203,-5.5216319713641155,0.42524372483218603,-36.743645357580114,967.8982397579548
BNB/USDT,3,7,0.1,2.0,4.0,55,25.454545454545453,-3.2101760242045203,-5.5216319713641155,0.42524372483218603,-36.743645357580114,967.8982397579548
BNB/USDT,3,7,0.1,2.5,4.0,55,25.454545454545453,-3.320661615359245,-5.665078237533323,0.41694960129795505,-37.84850126912753,966.7933838464076
BNB/USDT,2,7,0.1,2.5,4.0,55,25.454545454545453,-3.320661615359245,-5.665078237533323,0.41694960129795505,-37.84850126912753,966.7933838464076
BNB/USDT,2,7,0.1,2.0,5.0,55,25.454545454545453,-3.331697277362412,-5.694140465998895,0.40378216840009196,-39.086903552645836,966.6830272263759
BNB/USDT,3,7,0.1,2.0,5.0,55,25.454545454545453,-3.331697277362412,-5.694140465998895,0.40378216840009196,-39.086903552645836,966.6830272263759
BNB/USDT,3,7,0.1,2.5,5.0,55,25.454545454545453,-3.4419766043253053,-5.835840431458629,0.3959381363124736,-40.18969682227457,965.580233956747
BNB/USDT,2,7,0.1,2.5,5.0,55,25.454545454545453,-3.4419766043253053,-5.835840431458629,0.3959381363124736,-40.18969682227457,965.580233956747
BNB/USDT,2,7,0.1,3.0,4.0,55,25.454545454545453,-3.4993458386584275,-5.815860513047038,0.4041462583969855,-39.63534350211937,965.0065416134157
BNB/USDT,3,7,0.1,3.0,4.0,55,25.454545454545453,-3.4993458386584275,-5.815860513047038,0.4041462583969855,-39.63534350211937,965.0065416134157
BNB/USDT,2,7,0.1,3.0,5.0,55,25.454545454545453,-3.6204366114171647,-5.982217376898974,0.38383517281076157,-41.974296893193305,963.7956338858284
BNB/USDT,3,7,0.1,3.0,5.0,55,25.454545454545453,-3.6204366114171647,-5.982217376898974,0.38383517281076157,-41.974296893193305,963.7956338858284
BTC/USDT,3,7,0.15,2.5,3.0,52,28.846153846153843,-3.802986767162281,-4.080372317260858,0.5321529456452668,-62.21288378377294,961.9701323283772
BTC/USDT,2,7,0.15,2.5,3.0,52,28.846153846153843,-3.802986767162281,-4.080372317260858,0.5321529456452668,-62.21288378377294,961.9701323283772
BTC/USDT,2,7,0.15,2.5,4.0,49,30.612244897959183,-3.895163366659835,-4.510662997211684,0.46955159180320455,-65.7692825440103,961.0483663334016
BTC/USDT,3,7,0.15,2.5,4.0,49,30.612244897959183,-3.895163366659835,-4.510662997211684,0.46955159180320455,-65.7692825440103,961.0483663334016
BTC/USDT,3,7,0.15,2.0,3.0,52,28.846153846153843,-3.919653417824509,-4.216378476382938,0.5242888184756072,-60.846907388162705,960.8034658217549
BTC/USDT,2,7,0.15,2.0,3.0,52,28.846153846153843,-3.919653417824509,-4.216378476382938,0.5242888184756072,-60.846907388162705,960.8034658217549
BTC/USDT,2,7,0.15,3.0,3.0,52,28.846153846153843,-3.9548065579752913,-4.206581033729748,0.5223059510574741,-63.72726276114721,960.4519344202471
BTC/USDT,3,7,0.15,3.0,3.0,52,28.846153846153843,-3.9548065579752913,-4.206581033729748,0.5223059510574741,-63.72726276114721,960.4519344202471
LINK/USDT,3,7,0.1,2.5,4.0,49,28.57142857142857,-3.9808293409884414,-4.378662768423786,0.4931686805544728,-53.912122887344054,960.1917065901156
LINK/USDT,2,7,0.1,2.5,4.0,49,28.57142857142857,-3.9808293409884414,-4.378662768423786,0.4931686805544728,-53.912122887344054,960.1917065901156
BTC/USDT,3,7,0.15,3.0,4.0,49,30.612244897959183,-4.006584103496425,-4.60883718417418,0.4624470026559001,-66.8741666098546,959.9341589650357
BTC/USDT,2,7,0.15,3.0,4.0,49,30.612244897959183,-4.006584103496425,-4.60883718417418,0.4624470026559001,-66.8741666098546,959.9341589650357
BTC/USDT,2,7,0.15,2.0,4.0,49,30.612244897959183,-4.05483859542527,-4.6970161258643985,0.45933990162540084,-67.3526737598819,959.4516140457473
BTC/USDT,3,7,0.15,2.0,4.0,49,30.612244897959183,-4.05483859542527,-4.6970161258643985,0.45933990162540084,-67.3526737598819,959.4516140457473
LINK/USDT,2,7,0.1,2.0,4.0,50,28.000000000000004,-4.094943918856768,-4.466590915342127,0.486258414212268,-55.07689027017785,959.0505608114323
LINK/USDT,3,7,0.1,2.0,4.0,50,28.000000000000004,-4.094943918856768,-4.466590915342127,0.486258414212268,-55.07689027017785,959.0505608114323
LINK/USDT,2,7,0.1,2.0,5.0,48,29.166666666666668,-4.10817992429569,-4.885459951411723,0.45421792396330823,-51.20875552216255,958.9182007570431
LINK/USDT,3,7,0.1,2.0,5.0,48,29.166666666666668,-4.10817992429569,-4.885459951411723,0.45421792396330823,-51.20875552216255,958.9182007570431
BNB/USDT,3,7,0.15,2.0,3.0,55,25.454545454545453,-4.158358820971307,-4.627452286598055,0.5026356927080884,-48.96440866324835,958.4164117902869
BNB/USDT,2,7,0.15,2.0,3.0,55,25.454545454545453,-4.158358820971307,-4.627452286598055,0.5026356927080884,-48.96440866324835,958.4164117902869
LINK/USDT,3,7,0.1,2.5,5.0,47,29.78723404255319,-4.221637323660536,-5.171423638108385,0.4303256169825071,-50.0434684349164,957.7836267633946
LINK/USDT,2,7,0.1,2.5,5.0,47,29.78723404255319,-4.221637323660536,-5.171423638108385,0.4303256169825071,-50.0434684349164,957.7836267633946
SOL/USDT,3,7,0.05,2.5,3.0,48,16.666666666666664,-4.278897125737706,-12.806394832652302,0.17802203833960453,-41.12747299953725,957.211028742623
SOL/USDT,2,7,0.05,2.5,3.0,48,16.666666666666664,-4.278897125737706,-12.806394832652302,0.17802203833960453,-41.12747299953725,957.211028742623
SOL/USDT,2,7,0.05,2.0,3.0,48,16.666666666666664,-4.286581352293422,-13.066248698957423,0.17758212265973708,-40.88768030645743,957.1341864770658
SOL/USDT,3,7,0.05,2.0,3.0,48,16.666666666666664,-4.286581352293422,-13.066248698957423,0.17758212265973708,-40.88768030645743,957.1341864770658
BNB/USDT,2,7,0.15,2.5,3.0,55,25.454545454545453,-4.323616546091056,-4.772491711193378,0.49281436827132963,-50.616985914445635,956.7638345390894
BNB/USDT,3,7,0.15,2.5,3.0,55,25.454545454545453,-4.323616546091056,-4.772491711193378,0.49281436827132963,-50.616985914445635,956.7638345390894
SOL/USDT,2,7,0.05,3.0,3.0,48,16.666666666666664,-4.349602519453242,-12.908366819981817,0.17556769531666871,-41.834526936692434,956.5039748054676
SOL/USDT,3,7,0.05,3.0,3.0,48,16.666666666666664,-4.349602519453242,-12.908366819981817,0.17556769531666871,-41.834526936692434,956.5039748054676
LINK/USDT,2,7,0.1,3.0,4.0,49,28.57142857142857,-4.444771343533444,-4.671369621860008,0.4649552149400081,-58.50535423553106,955.5522865646656
LINK/USDT,3,7,0.1,3.0,4.0,49,28.57142857142857,-4.444771343533444,-4.671369621860008,0.4649552149400081,-58.50535423553106,955.5522865646656
LINK/USDT,3,7,0.1,2.5,3.0,49,28.57142857142857,-4.55581655212751,-5.524888064016468,0.4194812084558867,-56.76854594235005,954.4418344787249
LINK/USDT,2,7,0.1,2.5,3.0,49,28.57142857142857,-4.55581655212751,-5.524888064016468,0.4194812084558867,-56.76854594235005,954.4418344787249
BNB/USDT,2,7,0.15,3.0,3.0,55,25.454545454545453,-4.590176073083432,-4.941353686254334,0.4776562716062616,-53.28258118436919,954.0982392691657
BNB/USDT,3,7,0.15,3.0,3.0,55,25.454545454545453,-4.590176073083432,-4.941353686254334,0.4776562716062616,-53.28258118436919,954.0982392691657
BTC/USDT,3,7,0.15,2.5,5.0,49,30.612244897959183,-4.607956002045159,-6.11982168993064,0.3660556440367536,-67.3692781181715,953.9204399795484
BTC/USDT,2,7,0.15,2.5,5.0,49,30.612244897959183,-4.607956002045159,-6.11982168993064,0.3660556440367536,-67.3692781181715,953.9204399795484
SOL/USDT,3,7,0.05,2.5,5.0,48,16.666666666666664,-4.644487002438711,-16.690839349607764,0.10543272924967038,-47.34403041756123,953.5551299756129
SOL/USDT,2,7,0.05,2.5,5.0,48,16.666666666666664,-4.644487002438711,-16.690839349607764,0.10543272924967038,-47.34403041756123,953.5551299756129
SOL/USDT,2,7,0.05,2.0,5.0,48,16.666666666666664,-4.6521418804458445,-17.15456397298719,0.10519878361727059,-47.10373867637015,953.4785811955416
SOL/USDT,3,7,0.05,2.0,5.0,48,16.666666666666664,-4.6521418804458445,-17.15456397298719,0.10519878361727059,-47.10373867637015,953.4785811955416
LINK/USDT,2,7,0.1,3.0,5.0,47,29.78723404255319,-4.684415798787552,-5.444876979897454,0.4042478939916753,-54.63874922459173,953.1558420121245
LINK/USDT,3,7,0.1,3.0,5.0,47,29.78723404255319,-4.684415798787552,-5.444876979897454,0.4042478939916753,-54.63874922459173,953.1558420121245
LINK/USDT,2,7,0.1,2.0,3.0,50,28.000000000000004,-4.695704859033765,-5.662653795867731,0.41037308559712954,-57.92875838110339,953.0429514096624
LINK/USDT,3,7,0.1,2.0,3.0,50,28.000000000000004,-4.695704859033765,-5.662653795867731,0.41037308559712954,-57.92875838110339,953.0429514096624
SOL/USDT,2,7,0.05,2.5,4.0,48,16.666666666666664,-4.697526308291844,-17.381451272698488,0.09521691272254611,-46.74518260738422,953.0247369170816
SOL/USDT,3,7,0.05,2.5,4.0,48,16.666666666666664,-4.697526308291844,-17.381451272698488,0.09521691272254611,-46.74518260738422,953.0247369170816
SOL/USDT,3,7,0.05,2.0,4.0,48,16.666666666666664,-4.705176928449544,-17.892823722153278,0.09499792846620472,-46.50493894004632,952.9482307155046
SOL/USDT,2,7,0.05,2.0,4.0,48,16.666666666666664,-4.705176928449544,-17.892823722153278,0.09499792846620472,-46.50493894004632,952.9482307155046
SOL/USDT,2,7,0.05,3.0,5.0,48,16.666666666666664,-4.714922349368374,-16.760164833320164,0.10397174071520537,-48.04649242956515,952.8507765063163
SOL/USDT,3,7,0.05,3.0,5.0,48,16.666666666666664,-4.714922349368374,-16.760164833320164,0.10397174071520537,-48.04649242956515,952.8507765063163
BTC/USDT,2,7,0.15,3.0,5.0,49,30.612244897959183,-4.718550350913892,-6.217346715607735,0.3604404909403933,-68.46033287189577,952.8144964908611
BTC/USDT,3,7,0.15,3.0,5.0,49,30.612244897959183,-4.718550350913892,-6.217346715607735,0.3604404909403933,-68.46033287189577,952.8144964908611
BTC/USDT,2,7,0.15,2.0,5.0,49,30.612244897959183,-4.766446947780662,-6.339072858791069,0.35794703839489767,-68.93285077387979,952.3355305221934
BTC/USDT,3,7,0.15,2.0,5.0,49,30.612244897959183,-4.766446947780662,-6.339072858791069,0.35794703839489767,-68.93285077387979,952.3355305221934
SOL/USDT,2,7,0.05,3.0,4.0,48,16.666666666666664,-4.767922477183549,-17.442197307822426,0.09389954678512845,-47.44808696458605,952.3207752281645
SOL/USDT,3,7,0.05,3.0,4.0,48,16.666666666666664,-4.767922477183549,-17.442197307822426,0.09389954678512845,-47.44808696458605,952.3207752281645
BNB/USDT,3,7,0.15,2.0,4.0,55,25.454545454545453,-4.78991456101088,-5.519537685589895,0.4251447787463955,-54.8083855854068,952.1008543898912
BNB/USDT,2,7,0.15,2.0,4.0,55,25.454545454545453,-4.78991456101088,-5.519537685589895,0.4251447787463955,-54.8083855854068,952.1008543898912
BNB/USDT,2,7,0.15,2.5,4.0,55,25.454545454545453,-4.954072483488074,-5.662692543845055,0.41686293419049775,-56.4499648101786,950.4592751651193
BNB/USDT,3,7,0.15,2.5,4.0,55,25.454545454545453,-4.954072483488074,-5.662692543845055,0.41686293419049775,-56.4499648101786,950.4592751651193
BNB/USDT,3,7,0.15,2.0,5.0,55,25.454545454545453,-4.9680444667100465,-5.680893924390316,0.40421288779427494,-58.28104901271448,950.3195553328995
BNB/USDT,2,7,0.15,2.0,5.0,55,25.454545454545453,-4.9680444667100465,-5.680893924390316,0.40421288779427494,-58.28104901271448,950.3195553328995
LINK/USDT,3,7,0.1,3.0,3.0,49,28.57142857142857,-5.01698035198292,-5.762444611525525,0.3956338789394429,-61.34381498128294,949.8301964801708
LINK/USDT,2,7,0.1,3.0,3.0,49,28.57142857142857,-5.01698035198292,-5.762444611525525,0.3956338789394429,-61.34381498128294,949.8301964801708
BNB/USDT,2,7,0.15,2.5,5.0,55,25.454545454545453,-5.131744058892389,-5.821943028149666,0.3963859722465014,-59.91804493453773,948.6825594110761
BNB/USDT,3,7,0.15,2.5,5.0,55,25.454545454545453,-5.131744058892389,-5.821943028149666,0.3963859722465014,-59.91804493453773,948.6825594110761
BNB/USDT,3,7,0.15,3.0,4.0,55,25.454545454545453,-5.218867693541995,-5.81282554818515,0.40408340474287,-59.09791691071806,947.81132306458
BNB/USDT,2,7,0.15,3.0,4.0,55,25.454545454545453,-5.218867693541995,-5.81282554818515,0.40408340474287,-59.09791691071806,947.81132306458
BNB/USDT,2,7,0.15,3.0,5.0,55,25.454545454545453,-5.396044281066714,-5.96725730790752,0.3843167329033109,-62.56104715628079,946.0395571893329
BNB/USDT,3,7,0.15,3.0,5.0,55,25.454545454545453,-5.396044281066714,-5.96725730790752,0.3843167329033109,-62.56104715628079,946.0395571893329
LINK/USDT,3,7,0.15,2.5,4.0,49,28.57142857142857,-5.940906317357292,-4.401812039157697,0.49102549490940445,-80.18905283994131,940.5909368264271
LINK/USDT,2,7,0.15,2.5,4.0,49,28.57142857142857,-5.940906317357292,-4.401812039157697,0.49102549490940445,-80.18905283994131,940.5909368264271
LINK/USDT,2,7,0.15,2.0,4.0,50,28.000000000000004,-6.107652769220147,-4.487626251017033,0.484257904260069,-81.89054398602862,938.9234723077985
LINK/USDT,3,7,0.15,2.0,4.0,50,28.000000000000004,-6.107652769220147,-4.487626251017033,0.484257904260069,-81.89054398602862,938.9234723077985
LINK/USDT,2,7,0.15,2.0,5.0,48,29.166666666666668,-6.124148954894417,-4.917708323666368,0.45181136705785097,-76.08464996470346,938.7585104510558
LINK/USDT,3,7,0.15,2.0,5.0,48,29.166666666666668,-6.124148954894417,-4.917708323666368,0.45181136705785097,-76.08464996470346,938.7585104510558
LINK/USDT,2,7,0.15,2.5,5.0,47,29.78723404255319,-6.2900711660941395,-5.200530428180314,0.42824504533019453,-74.38197095578592,937.0992883390586
LINK/USDT,3,7,0.15,2.5,5.0,47,29.78723404255319,-6.2900711660941395,-5.200530428180314,0.42824504533019453,-74.38197095578592,937.0992883390586
LINK/USDT,3,7,0.15,3.0,4.0,49,28.57142857142857,-6.6265350845079185,-4.695958449910246,0.4627233421523125,-86.94345894055584,933.7346491549208
LINK/USDT,2,7,0.15,3.0,4.0,49,28.57142857142857,-6.6265350845079185,-4.695958449910246,0.4627233421523125,-86.94345894055584,933.7346491549208
LINK/USDT,2,7,0.15,2.5,3.0,49,28.57142857142857,-6.781690760310358,-5.533307106198446,0.4182811747477728,-84.31402469737962,932.1830923968964
LINK/USDT,3,7,0.15,2.5,3.0,49,28.57142857142857,-6.781690760310358,-5.533307106198446,0.4182811747477728,-84.31402469737962,932.1830923968964
LINK/USDT,2,7,0.15,3.0,5.0,47,29.78723404255319,-6.973154751748746,-5.476327479289083,0.4020333398225244,-81.14109251317228,930.2684524825125
LINK/USDT,3,7,0.15,3.0,5.0,47,29.78723404255319,-6.973154751748746,-5.476327479289083,0.4020333398225244,-81.14109251317228,930.2684524825125
LINK/USDT,2,7,0.15,2.0,3.0,50,28.000000000000004,-6.985687028397263,-5.667355505155648,0.40935294536912775,-86.00557254065245,930.1431297160274
LINK/USDT,3,7,0.15,2.0,3.0,50,28.000000000000004,-6.985687028397263,-5.667355505155648,0.40935294536912775,-86.00557254065245,930.1431297160274
LINK/USDT,3,7,0.15,3.0,3.0,49,28.57142857142857,-7.461190763313982,-5.770623276185776,0.39439952575237747,-91.0289588881079,925.3880923668602
LINK/USDT,2,7,0.15,3.0,3.0,49,28.57142857142857,-7.461190763313982,-5.770623276185776,0.39439952575237747,-91.0289588881079,925.3880923668602
SOL/USDT,3,7,0.1,2.5,3.0,48,16.666666666666664,-8.3982906957782,-12.846489552572038,0.17687284137686038,-80.65991044210277,916.017093042218
SOL/USDT,2,7,0.1,2.5,3.0,48,16.666666666666664,-8.3982906957782,-12.846489552572038,0.17687284137686038,-80.65991044210277,916.017093042218
SOL/USDT,2,7,0.1,2.0,3.0,48,16.666666666666664,-8.412780402537669,-13.106156553671692,0.17626617450254187,-80.17153759242302,915.8721959746233
SOL/USDT,3,7,0.1,2.0,3.0,48,16.666666666666664,-8.412780402537669,-13.106156553671692,0.17626617450254187,-80.17153759242302,915.8721959746233
SOL/USDT,2,7,0.1,3.0,3.0,48,16.666666666666664,-8.534134652912986,-12.949183686463716,0.17441195140944663,-82.01835001345073,914.6586534708701
SOL/USDT,3,7,0.1,3.0,3.0,48,16.666666666666664,-8.534134652912986,-12.949183686463716,0.17441195140944663,-82.01835001345073,914.6586534708701
SOL/USDT,3,7,0.1,2.5,5.0,48,16.666666666666664,-9.09254092729178,-16.75740889495813,0.10417552687608851,-92.47977145626503,909.0745907270822
SOL/USDT,2,7,0.1,2.5,5.0,48,16.666666666666664,-9.09254092729178,-16.75740889495813,0.10417552687608851,-92.47977145626503,909.0745907270822
SOL/USDT,2,7,0.1,2.0,5.0,48,16.666666666666664,-9.106920816425008,-17.207677006627282,0.10387001131098349,-91.9895289218236,908.9307918357499
SOL/USDT,3,7,0.1,2.0,5.0,48,16.666666666666664,-9.106920816425008,-17.207677006627282,0.10387001131098349,-91.9895289218236,908.9307918357499
SOL/USDT,3,7,0.1,2.5,4.0,48,16.666666666666664,-9.19356638794452,-17.42776988685999,0.09422219471239132,-91.33912915503385,908.0643361205548
SOL/USDT,2,7,0.1,2.5,4.0,48,16.666666666666664,-9.19356638794452,-17.42776988685999,0.09422219471239132,-91.33912915503385,908.0643361205548
SOL/USDT,2,7,0.1,2.0,4.0,48,16.666666666666664,-9.20793029670674,-17.922557023571787,0.09393057884561082,-90.84906704923931,907.9206970329326
SOL/USDT,3,7,0.1,2.0,4.0,48,16.666666666666664,-9.20793029670674,-17.922557023571787,0.09393057884561082,-90.84906704923931,907.9206970329326
SOL/USDT,3,7,0.1,3.0,5.0,48,16.666666666666664,-9.227355321775303,-16.826619335272902,0.10271164938438253,-93.82068235150925,907.726446782247
SOL/USDT,2,7,0.1,3.0,5.0,48,16.666666666666664,-9.227355321775303,-16.826619335272902,0.10271164938438253,-93.82068235150925,907.726446782247
SOL/USDT,2,7,0.1,3.0,4.0,48,16.666666666666664,-9.3282309631894,-17.488290644798823,0.09290227987975862,-92.6817316056546,906.717690368106
SOL/USDT,3,7,0.1,3.0,4.0,48,16.666666666666664,-9.3282309631894,-17.488290644798823,0.09290227987975862,-92.6817316056546,906.717690368106
SOL/USDT,3,7,0.15,2.5,3.0,48,16.666666666666664,-12.363121182148642,-12.884373626509069,0.1757174603716319,-118.64671704796713,876.3687881785136
SOL/USDT,2,7,0.15,2.5,3.0,48,16.666666666666664,-12.363121182148642,-12.884373626509069,0.1757174603716319,-118.64671704796713,876.3687881785136
SOL/USDT,3,7,0.15,2.0,3.0,48,16.666666666666664,-12.38359589567899,-13.143474600100511,0.17494299037716163,-117.90155930735924,876.1640410432101
SOL/USDT,2,7,0.15,2.0,3.0,48,16.666666666666664,-12.38359589567899,-13.143474600100511,0.17494299037716163,-117.90155930735924,876.1640410432101
SOL/USDT,2,7,0.15,3.0,3.0,48,16.666666666666664,-12.558818017488488,-12.987718210972785,0.1732498567858977,-120.60368540136552,874.4118198251151
SOL/USDT,3,7,0.15,3.0,3.0,48,16.666666666666664,-12.558818017488488,-12.987718210972785,0.1732498567858977,-120.60368540136552,874.4118198251151
SOL/USDT,3,7,0.15,2.5,5.0,48,16.666666666666664,-13.351663966284855,-16.81614175804284,0.10292722020882662,-135.4981923748237,866.4833603371515
SOL/USDT,2,7,0.15,2.5,5.0,48,16.666666666666664,-13.351663966284855,-16.81614175804284,0.10292722020882662,-135.4981923748237,866.4833603371515
SOL/USDT,2,7,0.15,2.0,5.0,48,16.666666666666664,-13.371907725329027,-17.25171704335268,0.10254920692707994,-134.74909760297356,866.2809227467097
SOL/USDT,3,7,0.15,2.0,5.0,48,16.666666666666664,-13.371907725329027,-17.25171704335268,0.10254920692707994,-134.74909760297356,866.2809227467097
SOL/USDT,3,7,0.15,2.5,4.0,48,16.666666666666664,-13.495952750353865,-17.465904521229277,0.09323273261953968,-133.86907938054551,865.0404724964613
SOL/USDT,2,7,0.15,2.5,4.0,48,16.666666666666664,-13.495952750353865,-17.465904521229277,0.09323273261953968,-133.86907938054551,865.0404724964613
SOL/USDT,2,7,0.15,2.0,4.0,48,16.666666666666664,-13.516162799029075,-17.94286555325499,0.09286757937204684,-133.12036522040034,864.8383720097092
SOL/USDT,3,7,0.15,2.0,4.0,48,16.666666666666664,-13.516162799029075,-17.94286555325499,0.09286757937204684,-133.12036522040034,864.8383720097092
SOL/USDT,3,7,0.15,3.0,5.0,48,16.666666666666664,-13.54515334402163,-16.885089300130424,0.10146071228610555,-137.41753067524942,864.5484665597837
SOL/USDT,2,7,0.15,3.0,5.0,48,16.666666666666664,-13.54515334402163,-16.885089300130424,0.10146071228610555,-137.41753067524942,864.5484665597837
SOL/USDT,2,7,0.15,3.0,4.0,48,16.666666666666664,-13.689119925168791,-17.52606439267941,0.09191046017798399,-135.7920555587881,863.1088007483121
SOL/USDT,3,7,0.15,3.0,4.0,48,16.666666666666664,-13.689119925168791,-17.52606439267941,0.09191046017798399,-135.7920555587881,863.1088007483121
